지점,지점명,일시,평균기온(°C),최저기온(°C),최고기온(°C),일강수량(mm),평균 풍속(m/s),평균 상대습도(%),일 최심신적설(cm),일 최심적설(cm),9-9강수(mm)
108,서울,2023-01-01,-0.2,-4.3,3.8,,2.7,55,,,
108,서울,2023-01-02,-4.5,-7.4,-0.4,,2.5,46,,,
108,서울,2023-01-03,-5,-9,0.6,,1.8,49,,,
108,서울,2023-01-04,-1.8,-5.7,3.3,,1.9,51,,,
108,서울,2023-01-05,-1.6,-5.6,3.6,,1.6,58.1,,,
108,서울,2023-01-06,0.6,-4.7,5.7,3.9,2.2,71.9,3.6,3.6,4
108,서울,2023-01-07,1.5,-1.4,3.8,0.1,2.2,80.9,,3.6,
108,서울,2023-01-08,1.3,-3.7,6.3,,1.7,69.3,,,
108,서울,2023-01-09,3.1,-1.3,7,,2.3,60.1,,,
108,서울,2023-01-10,1.6,-3.9,9.1,,1.5,59.9,,,
108,서울,2023-01-11,2.6,-2,9.2,,1.6,61.9,,,
108,서울,2023-01-12,5.9,-0.6,12.5,0,2.2,46.6,,,35.6
108,서울,2023-01-13,8.3,5.1,10.1,37.3,2.5,99.1,,,1.9
108,서울,2023-01-14,6.6,3.8,8.4,1.6,2.5,92.9,,,4.1
108,서울,2023-01-15,-0.2,-3.5,3.8,3.2,2.8,93.9,0.6,0.6,0.5
108,서울,2023-01-16,-4.6,-6.8,-1.2,0,2.7,63.1,,0.3,
108,서울,2023-01-17,-3.7,-7,-0.4,0,1.8,65.1,,,0
108,서울,2023-01-18,-1.9,-4.6,2.2,0,2,60.5,,,
108,서울,2023-01-19,-0.4,-6,4.3,1,2.5,69.3,,,1
108,서울,2023-01-20,-3.3,-7.7,2,,3.7,52.4,,,
108,서울,2023-01-21,-4.5,-10.5,1.5,,1.8,55.4,,,
108,서울,2023-01-22,-0.6,-2.8,2.6,0,2.6,62.8,,,0
108,서울,2023-01-23,-0.8,-6.9,4.6,,2.7,66.6,,,0
108,서울,2023-01-24,-14.7,-17,-6.9,0,4.6,51.9,,,
108,서울,2023-01-25,-11.3,-17.3,-5.4,0,2.1,45.1,,,0.8
108,서울,2023-01-26,-6,-9,-3.5,0.8,2.5,80.1,4.5,4.5,0
108,서울,2023-01-27,-7.3,-9.6,-3.8,,3.5,56.5,,1.7,
108,서울,2023-01-28,-6,-11.2,-0.6,0,2.4,54.9,,,0
108,서울,2023-01-29,-1.8,-8,4.9,,2.6,58.3,,,
108,서울,2023-01-30,-0.9,-4.4,4.2,,2.1,55.9,,,
108,서울,2023-01-31,2.4,-3.5,7.8,,2.7,69.1,,,
108,서울,2023-02-01,0.9,-3,6,,3.2,68.4,,,
108,서울,2023-02-02,-2.4,-5.1,1.4,,2.5,50.3,,,
108,서울,2023-02-03,-1.6,-3.9,3.4,,2.2,47.4,,,
108,서울,2023-02-04,-0.2,-5.2,6,,2,49.8,,,
108,서울,2023-02-05,1.7,-3.3,7.1,,1.8,71,,,
108,서울,2023-02-06,3,-1.7,8.8,,1.6,72.3,,,
108,서울,2023-02-07,3.5,-0.6,9.5,,1.5,72.9,,,
108,서울,2023-02-08,2.1,-1.3,7.8,,2.5,62.1,,,
108,서울,2023-02-09,4,-2.8,9.9,0,2.5,49.9,,,0.6
108,서울,2023-02-10,3.8,1.1,6.2,0.6,2.2,79.6,,,0
108,서울,2023-02-11,2.8,-1.2,8.5,,1.8,73,,,
108,서울,2023-02-12,3.7,-0.9,7.6,,1.8,70,,,
108,서울,2023-02-13,5.9,2.7,8.4,,2.3,66.5,,,
108,서울,2023-02-14,1.7,-2.5,6.6,,2.7,54.9,,,
108,서울,2023-02-15,3.2,-1.2,8.9,,2.5,46.4,,,
108,서울,2023-02-16,2.3,-0.7,4.5,0,2.7,68.3,,,0
108,서울,2023-02-17,3.4,-1.5,9.8,,1.8,67.8,,,
108,서울,2023-02-18,5.7,3,8.1,,1.5,58.3,,,0.4
108,서울,2023-02-19,3.5,0.2,6.1,0.4,3.3,56.1,,,
108,서울,2023-02-20,-0.5,-3.5,2.4,,3.3,46.4,,,
108,서울,2023-02-21,-1.3,-5.3,4.8,,2.1,42.4,,,
108,서울,2023-02-22,1.2,-4.5,8.4,,2.2,50.6,,,
108,서울,2023-02-23,2.9,-1.8,9.2,,1.9,65.5,,,
108,서울,2023-02-24,3.5,-0.4,8.5,,3,57.9,,,
108,서울,2023-02-25,0.7,-2.9,5.7,,2.9,44,,,
108,서울,2023-02-26,2.2,-3.4,9.4,,2.1,46.6,,,
108,서울,2023-02-27,4.4,-1.8,12.4,,1.9,47.4,,,
108,서울,2023-02-28,4.3,-0.7,8.7,,2,63.4,,,
108,서울,2023-03-01,6,2.9,9,,3.1,54.4,,,
108,서울,2023-03-02,2.2,-1.8,6.6,,2.8,37.8,,,
108,서울,2023-03-03,4.6,-1.9,10.4,,2.1,65,,,
108,서울,2023-03-04,7.7,3.7,14.1,,1.9,68.4,,,
108,서울,2023-03-05,8,2.5,15.4,,1.7,54,,,
108,서울,2023-03-06,9.2,2.2,16.5,,2.1,41.9,,,
108,서울,2023-03-07,11.7,6.3,19.4,,2.3,60.9,,,
108,서울,2023-03-08,12.5,7.4,17.7,1.2,2,66.3,,,4.8
108,서울,2023-03-09,10.3,7.4,13.1,3.7,2.3,85.9,,,0.1
108,서울,2023-03-10,13.5,6.2,22.2,,2.1,62.1,,,
108,서울,2023-03-11,15.2,10.2,22.8,,2.4,52,,,1.4
108,서울,2023-03-12,5.9,0.6,12.6,5.6,3.7,68,,,4.2
108,서울,2023-03-13,2.9,-1.9,7.6,,3.2,38.9,,,
108,서울,2023-03-14,9.2,3.3,15.4,,2.9,45.9,,,
108,서울,2023-03-15,8.6,3.5,14.4,,3,66.6,,,
108,서울,2023-03-16,4.6,0.4,9,,2.4,36.8,,,
108,서울,2023-03-17,7.2,0.7,12.7,,1.7,34.3,,,
108,서울,2023-03-18,7.7,2.5,14,,2.6,46.4,,,
108,서울,2023-03-19,8.3,2.3,15.2,,2.1,59.6,,,
108,서울,2023-03-20,9.5,2.6,17.1,,1.6,50.4,,,
108,서울,2023-03-21,13,5,22.2,,1.7,35.1,,,
108,서울,2023-03-22,17,9.2,25.1,,1.8,44.8,,,0
108,서울,2023-03-23,17.4,12.3,23.3,0,2.5,48.9,,,
108,서울,2023-03-24,12.5,7.6,18.3,,2.3,36.8,,,
108,서울,2023-03-25,12.5,8,18.7,,2.3,59.9,,,
108,서울,2023-03-26,9.4,4.7,14,,3.6,34,,,
108,서울,2023-03-27,7.3,1.9,14.5,,2.3,44.8,,,
108,서울,2023-03-28,9.2,2.8,15.7,,2.1,53.3,,,
108,서울,2023-03-29,11.8,5.1,19.7,,1.9,50.3,,,
108,서울,2023-03-30,13.3,6.4,21.2,,2.2,42.5,,,
108,서울,2023-03-31,15,7.5,23.9,,2.1,42.5,,,
108,서울,2023-04-01,17.5,9.4,25.6,,1.8,40.4,,,
108,서울,2023-04-02,18.8,11.9,25.2,,2.4,29.6,,,
108,서울,2023-04-03,19,11.3,25.9,,2.3,29.4,,,
108,서울,2023-04-04,17.6,12.7,21.7,6.9,2.6,40.4,,,34.3
108,서울,2023-04-05,11.9,8.7,14.9,50.3,3.4,97.8,,,23.3
108,서울,2023-04-06,8.8,7.4,9.7,2.7,2.5,94.6,,,2.3
108,서울,2023-04-07,8.9,4.6,15.7,,2.9,65,,,
108,서울,2023-04-08,8.8,3.1,14.9,,3.2,51.1,,,
108,서울,2023-04-09,10.8,3.5,17.8,,2.5,56.8,,,
108,서울,2023-04-10,13.2,6.2,19.1,,2.7,50.8,,,
108,서울,2023-04-11,13.1,9.2,17.4,2.9,3.6,73.4,,,2.9
108,서울,2023-04-12,10.1,4.8,15.3,,2.7,45.1,,,
108,서울,2023-04-13,11.9,5.1,17.2,0,1.8,45,,,0
108,서울,2023-04-14,16.2,11.9,21.3,,1.6,58.6,,,
108,서울,2023-04-15,13.5,9.3,16.6,4.6,2.2,81.8,,,4.6
108,서울,2023-04-16,10.8,7.5,16.1,0,2.5,71.4,,,0
108,서울,2023-04-17,13.1,6.8,18.1,,2,59,,,0.9
108,서울,2023-04-18,14,10.7,18.4,1.5,2.7,78.6,,,0.6
108,서울,2023-04-19,19.1,11.5,28.4,,2.4,66.1,,,0.5
108,서울,2023-04-20,15.8,14.5,18.9,0.5,2.4,92.1,,,0
108,서울,2023-04-21,16.7,11.4,22.8,,2.5,50.4,,,
108,서울,2023-04-22,16.9,12.2,22.5,,2.6,22.9,,,
108,서울,2023-04-23,16.1,10.7,22.1,,2.1,34.1,,,
108,서울,2023-04-24,15.8,11.5,21.3,,2.7,40.5,,,0
108,서울,2023-04-25,10.9,9,13.2,0.4,1.9,68.6,,,0.4
108,서울,2023-04-26,10.2,7.4,13.5,0,3.1,69.9,,,
108,서울,2023-04-27,12.9,5.1,20,,1.9,61.6,,,
108,서울,2023-04-28,15.7,9,21.3,1.9,2.1,62,,,19.7
108,서울,2023-04-29,13.2,9.9,15.8,25.1,2.9,88.1,,,7.3
108,서울,2023-04-30,12.7,7.9,17.9,0.1,3.3,72.9,,,0.1
108,서울,2023-05-01,14.6,9.8,20.8,,2.5,57,,,
108,서울,2023-05-02,16.7,9.1,23.7,,2.1,40.5,,,
108,서울,2023-05-03,19.5,12.4,26.2,,2.1,52.5,,,
108,서울,2023-05-04,21.4,15.6,25.8,,2.1,65.5,,,5.3
108,서울,2023-05-05,18.4,15.5,21.6,30.2,2.5,95.3,,,58
108,서울,2023-05-06,12.6,11.7,15.5,47.5,5.4,85.6,,,14.4
108,서울,2023-05-07,14.4,11.1,18.6,,2.6,47.1,,,
108,서울,2023-05-08,15.3,7.9,22,,2.2,55.3,,,
108,서울,2023-05-09,17,10,24.4,,2.3,55.4,,,
108,서울,2023-05-10,18.4,10.7,26,,1.8,53.3,,,
108,서울,2023-05-11,19.5,12.8,26.7,,2.3,50.1,,,
108,서울,2023-05-12,18.4,13.1,24.7,,1.8,50.9,,,
108,서울,2023-05-13,17.8,12.6,23.9,0,2,62,,,0
108,서울,2023-05-14,18.1,12.9,23.8,,2,56.5,,,
108,서울,2023-05-15,20.6,12.8,27.9,,2.4,54.6,,,
108,서울,2023-05-16,24,17.2,31.2,,2.5,51.9,,,
108,서울,2023-05-17,23.5,18.6,28.7,,3.4,63.6,,,
108,서울,2023-05-18,21.2,18.8,27.6,1.3,2.1,74.8,,,1.3
108,서울,2023-05-19,22.3,16.7,27.8,,2.3,61.4,,,
108,서울,2023-05-20,21.2,16.6,26.7,,3,66.9,,,0.2
108,서울,2023-05-21,17.8,15.3,21.9,0.2,3,74,,,
108,서울,2023-05-22,20.3,15.9,26.8,0,1.9,61.3,,,0
108,서울,2023-05-23,20.5,14.1,26.9,,2.2,48,,,
108,서울,2023-05-24,20.6,14.8,25.9,,2,49.8,,,
108,서울,2023-05-25,21.2,15.7,27.4,0,2.4,46.6,,,0.5
108,서울,2023-05-26,21.4,15.8,27.3,0.5,2.1,57.4,,,0
108,서울,2023-05-27,19.3,18.6,20.7,31.8,1.7,87.4,,,46.5
108,서울,2023-05-28,19.2,18.4,20.2,41.8,1.8,98.9,,,29.4
108,서울,2023-05-29,23.2,19,28.5,2.3,1.6,83.4,,,
108,서울,2023-05-30,24,20.5,28.9,,2.2,69.5,,,
108,서울,2023-05-31,22.8,18.8,28.2,,2.5,60.8,,,
108,서울,2023-06-01,22.8,19.7,26.3,,1.9,66.9,,,
108,서울,2023-06-02,20.4,17.9,25,0,2.3,77.4,,,0
108,서울,2023-06-03,22,16.6,27.8,,2.7,60.1,,,
108,서울,2023-06-04,22.1,16.9,28,,2.4,61,,,
108,서울,2023-06-05,21.5,17.6,26.3,,2.6,66.9,,,
108,서울,2023-06-06,20.3,17.3,25.2,0,2.6,72.9,,,0
108,서울,2023-06-07,21.4,18.9,25.7,0,2.1,75.3,,,0
108,서울,2023-06-08,20.4,18.3,23.9,1.9,2.4,80.5,,,3.1
108,서울,2023-06-09,23.3,18.3,28.4,1.2,2,64,,,
108,서울,2023-06-10,23.2,19.6,28.5,0.8,2.3,70,,,33
108,서울,2023-06-11,22.1,17.9,27.3,32.2,2.2,76.1,,,0
108,서울,2023-06-12,22.2,18.4,27.5,0,1.7,70.5,,,0
108,서울,2023-06-13,22,19.2,26,0,2.2,70,,,
108,서울,2023-06-14,20.6,17.5,25,30.6,1.5,80.3,,,30.6
108,서울,2023-06-15,22.7,17.7,28.3,,2.1,70.8,,,
108,서울,2023-06-16,23.7,19.1,28.9,,2.1,64.4,,,
108,서울,2023-06-17,24.2,18.9,30.2,,2,57.1,,,
108,서울,2023-06-18,25.9,20.8,32.6,,2,60.5,,,
108,서울,2023-06-19,28.5,23.3,34,,2.2,57.8,,,
108,서울,2023-06-20,24.7,21.4,26.4,6.4,1.9,64.5,,,30.4
108,서울,2023-06-21,20.5,19.2,22.1,24.9,2.1,92.6,,,0.9
108,서울,2023-06-22,22.5,18.9,26.4,0,2.2,77.1,,,0
108,서울,2023-06-23,24.4,20,29.9,,1.5,76.6,,,
108,서울,2023-06-24,26.4,21.9,31.1,,2,70.5,,,
108,서울,2023-06-25,28.2,22.8,33.1,,2.1,64.9,,,14.9
108,서울,2023-06-26,24.2,22.3,27.5,30.3,2.9,88.6,,,17.9
108,서울,2023-06-27,25.3,21.4,29.1,2.5,3.2,73.1,,,0
108,서울,2023-06-28,26.5,24.2,30.1,0,2.5,77.4,,,3.9
108,서울,2023-06-29,24.2,23.2,25.9,63.8,2.3,95.4,,,60.5
108,서울,2023-06-30,25.3,23.2,29.1,1,1.8,89.8,,,0.4
108,서울,2023-07-01,27.7,23.3,32.9,,2,76.9,,,
108,서울,2023-07-02,26.7,23.5,30.6,,1.9,79.5,,,
108,서울,2023-07-03,29.1,24.1,34.9,,1.8,72,,,
108,서울,2023-07-04,26.1,24.5,29.2,61.8,2.3,86.8,,,77.1
108,서울,2023-07-05,24.5,22.1,27.1,15.3,3.7,82.6,,,
108,서울,2023-07-06,27.3,22.4,31.8,,2.7,70.9,,,
108,서울,2023-07-07,26.7,23.3,31.4,,2.3,64.9,,,
108,서울,2023-07-08,25.6,22.4,29.7,,2.2,76.5,,,0
108,서울,2023-07-09,24.7,21.6,27,47.5,2,86.4,,,59
108,서울,2023-07-10,26.3,22.9,30.9,11.5,2.3,80.4,,,2.2
108,서울,2023-07-11,23.5,21.6,25.9,58.3,1.9,92.4,,,56.8
108,서울,2023-07-12,25.8,22,29.1,0.7,1.5,86.4,,,0.1
108,서울,2023-07-13,25.2,24.7,26.5,91.6,1.6,95,,,152.3
108,서울,2023-07-14,24.6,23.9,25.1,72.7,2.9,99.1,,,13.4
108,서울,2023-07-15,24.5,23.7,25.7,2.3,3,93.5,,,0.9
108,서울,2023-07-16,24.6,23.7,25.4,9.7,2.3,89.5,,,9.6
108,서울,2023-07-17,25.5,23.7,27.8,1.4,1.7,86.1,,,2
108,서울,2023-07-18,25.2,24.1,27.7,2.3,1.4,87.9,,,1.7
108,서울,2023-07-19,27.2,22.5,32.4,,1.7,78.8,,,
108,서울,2023-07-20,27.9,24,32.8,,1.8,74,,,
108,서울,2023-07-21,29.5,24.6,34.3,,1.8,69.6,,,
108,서울,2023-07-22,27.7,24.6,32.5,12.3,2.6,73.9,,,37.2
108,서울,2023-07-23,25.2,24.5,25.8,40.2,2.1,94.3,,,15.7
108,서울,2023-07-24,26.9,24.6,30,0.4,2,83.1,,,0.1
108,서울,2023-07-25,27.8,25.8,30.5,5.6,2.7,80.5,,,5.5
108,서울,2023-07-26,27.6,24.9,31.1,1,2.2,80.9,,,1
108,서울,2023-07-27,28.4,24.4,32.2,0,1.9,78.1,,,0
108,서울,2023-07-28,29.5,25.4,34.1,,2.1,72.4,,,
108,서울,2023-07-29,29.1,26.1,33.3,,2,72.1,,,
108,서울,2023-07-30,28.8,24.9,34.9,25,1.9,72.5,,,25
108,서울,2023-07-31,28.7,25.6,33.4,0.3,1.7,76.3,,,0.3
108,서울,2023-08-01,29.9,25.5,34.2,,1.9,71.6,,,
108,서울,2023-08-02,29.7,26.8,33.7,,2.1,67.8,,,
108,서울,2023-08-03,29.5,25.8,33.8,,2.1,67,,,
108,서울,2023-08-04,30,26.5,34.4,,1.9,67.6,,,
108,서울,2023-08-05,30.3,26.4,34.9,,2,69,,,
108,서울,2023-08-06,29.8,27,33,4.9,1.7,76.5,,,4.9
108,서울,2023-08-07,30.4,27.3,34.6,,2.7,68.4,,,
108,서울,2023-08-08,30.9,26.4,35.8,,2.9,60.5,,,
108,서울,2023-08-09,28.3,25.1,31.6,0.2,3.2,67.6,,,5.2
108,서울,2023-08-10,22.2,20.9,25.1,86.1,3.7,91.9,,,100.2
108,서울,2023-08-11,23.5,21.6,24.9,46.7,2.3,93.1,,,27.8
108,서울,2023-08-12,23.3,22.5,24.1,1.5,1.9,91,,,1.3
108,서울,2023-08-13,27,22.6,31.1,,1.7,76.9,,,
108,서울,2023-08-14,28.1,24.8,31.9,,1.6,75.4,,,
108,서울,2023-08-15,28.6,24.7,32.7,,2.3,71.4,,,
108,서울,2023-08-16,27.3,24.7,31.6,0.3,2.1,72,,,0.3
108,서울,2023-08-17,28.2,24.5,32.4,,1.7,73,,,
108,서울,2023-08-18,29.1,25.5,33.3,0.1,1.9,72.1,,,0.1
108,서울,2023-08-19,29.1,26.4,33.6,,1.9,68.9,,,
108,서울,2023-08-20,28.3,25.5,31.8,0,1.6,71.8,,,0
108,서울,2023-08-21,29.5,26,33.6,0,2.4,69.8,,,0.3
108,서울,2023-08-22,27.6,25.8,32.2,42.6,2.4,80.3,,,42.4
108,서울,2023-08-23,24.8,23.2,27.2,41.8,2.2,91.3,,,46.9
108,서울,2023-08-24,25.1,22.3,27.8,5.2,2.8,84.8,,,0
108,서울,2023-08-25,26.5,24,30,0,2.6,77.9,,,
108,서울,2023-08-26,26.4,23.3,30.3,,1.8,72.3,,,
108,서울,2023-08-27,26.1,22.7,29.6,0,1.8,75,,,6.1
108,서울,2023-08-28,22.7,20.8,25.6,10.4,3.3,87.5,,,7
108,서울,2023-08-29,23.9,22.5,25.5,54.8,2.1,89.6,,,52.4
108,서울,2023-08-30,22.8,21.5,24.5,3.5,1.1,88,,,3.2
108,서울,2023-08-31,23.9,21,28.9,,1.3,76.9,,,
108,서울,2023-09-01,24.5,19.7,29.6,,2,70.6,,,
108,서울,2023-09-02,25.4,19.7,30.8,,1.6,63.9,,,0.1
108,서울,2023-09-03,25.8,23.1,28.8,0.1,2.2,77.8,,,0.3
108,서울,2023-09-04,27,24.3,30.2,0.3,1.8,79.9,,,0
108,서울,2023-09-05,28.5,25,32.8,0,1.8,69.5,,,
108,서울,2023-09-06,27.9,24,32.1,,2.4,65.1,,,
108,서울,2023-09-07,26.3,20.9,31.6,,2.5,54.8,,,
108,서울,2023-09-08,25.3,19.6,30.5,,2.3,60.3,,,
108,서울,2023-09-09,25.8,20.8,31.2,,1.8,66.3,,,
108,서울,2023-09-10,25.7,22,29.6,,1.6,68.1,,,
108,서울,2023-09-11,25.5,23.1,29.8,,1.9,67.3,,,
108,서울,2023-09-12,25.7,21.7,29.8,,1.5,69.8,,,0
108,서울,2023-09-13,22.1,19.6,24.6,15.9,1.8,84.5,,,15.9
108,서울,2023-09-14,23.4,19.2,27.2,,2.4,72.4,,,1.9
108,서울,2023-09-15,22.3,20.3,24.3,2.1,2.6,82.3,,,0.5
108,서울,2023-09-16,23.9,22,26.6,38.7,1.7,87.8,,,41.4
108,서울,2023-09-17,24.7,22,28,3,1.4,84.8,,,
108,서울,2023-09-18,24.7,22.1,28.9,,1.9,79.1,,,
108,서울,2023-09-19,24.1,21.6,27.2,,1.6,81.1,,,2.6
108,서울,2023-09-20,20.6,18.8,23.9,35.8,2.7,90.4,,,33.2
108,서울,2023-09-21,20.1,17.5,23.6,0,2.3,70.9,,,
108,서울,2023-09-22,20.5,15.2,26.7,,1.7,68.4,,,
108,서울,2023-09-23,21.8,16.3,27.6,,2.5,63.9,,,
108,서울,2023-09-24,21.8,17.9,26.2,,2.9,56.4,,,0.3
108,서울,2023-09-25,21.6,17.9,26,1.9,2.3,66.4,,,17.7
108,서울,2023-09-26,19.9,18.6,20.8,27.8,2.4,95.8,,,15.8
108,서울,2023-09-27,21.5,20,23.7,4.4,1.8,90.1,,,0.3
108,서울,2023-09-28,22.7,19.6,27.3,,2,78.3,,,
108,서울,2023-09-29,21.1,17.4,26.9,,1.4,61.5,,,0.3
108,서울,2023-09-30,19.7,17.1,22.2,4.5,2.2,77,,,4.2
108,서울,2023-10-01,18.4,14.4,23.7,,2.4,59.5,,,
108,서울,2023-10-02,18.2,12.9,24.6,,1.7,53.8,,,
108,서울,2023-10-03,17.5,14.4,22.5,,1.7,66.3,,,
108,서울,2023-10-04,17.3,14.2,23.2,14.7,2.1,75.5,,,14.7
108,서울,2023-10-05,14.2,9.9,19.2,,2.6,46.1,,,
108,서울,2023-10-06,15.5,9.6,21.5,,1.6,55.3,,,
108,서울,2023-10-07,16.8,11.7,21.2,,2.1,62.6,,,
108,서울,2023-10-08,17.1,15.2,19.5,0,2.5,67.1,,,0.4
108,서울,2023-10-09,17.4,14.1,22.4,1.2,1.9,68.1,,,0.8
108,서울,2023-10-10,17.1,11.9,23.5,,1.6,67.1,,,
108,서울,2023-10-11,17.6,12.9,24,,1.7,57.5,,,
108,서울,2023-10-12,17.5,12,24.1,,1.5,62.4,,,
108,서울,2023-10-13,17.5,14.3,21.5,,1.5,69.6,,,1.5
108,서울,2023-10-14,14.7,12.9,18.2,5.8,1.4,84.9,,,4.3
108,서울,2023-10-15,16.1,10.9,21.2,,2,80,,,
108,서울,2023-10-16,14.7,10.7,19.6,,2.4,57,,,
108,서울,2023-10-17,13.8,7.5,20.9,,1.6,55.6,,,
108,서울,2023-10-18,15.7,9.2,21.6,,2.1,67,,,8
108,서울,2023-10-19,17,14.9,18.9,8.2,1.5,82.5,,,0.2
108,서울,2023-10-20,11.6,7.2,15.1,,3.2,46.9,,,1.1
108,서울,2023-10-21,10.4,5.9,16.6,1.1,2.3,54.8,,,
108,서울,2023-10-22,12.5,5.4,18.7,,1.7,67.3,,,
108,서울,2023-10-23,15.2,11.1,21.4,,1.7,73.8,,,
108,서울,2023-10-24,15.6,11.2,19.3,,1.7,78.5,,,
108,서울,2023-10-25,16.6,12.7,21.9,,1.4,78.6,,,
108,서울,2023-10-26,17.2,14.6,21.1,0,2.1,79.4,,,0
108,서울,2023-10-27,15.7,12.6,20.2,,1.9,71.1,,,
108,서울,2023-10-28,14.2,9.4,20.7,,1.4,62.9,,,
108,서울,2023-10-29,14.9,9.8,21.8,,1.7,61.6,,,
108,서울,2023-10-30,15.1,9.7,21.9,,1.7,72,,,
108,서울,2023-10-31,16.5,12.7,20.8,,1.8,76,,,0
108,서울,2023-11-01,19,17.2,20.6,0,2.4,81.8,,,
108,서울,2023-11-02,20.8,18.7,25.9,,2.9,70.9,,,
108,서울,2023-11-03,19.5,17.7,22.4,8.5,2.8,83.3,,,8.5
108,서울,2023-11-04,17.4,14.1,20.9,,2.6,75.5,,,4.7
108,서울,2023-11-05,17.3,15.1,20.4,10.4,3.3,87,,,46.5
108,서울,2023-11-06,13.3,6.6,19.3,45.8,4.9,84.9,,,5
108,서울,2023-11-07,5.8,3.6,9.9,0,3.2,62.5,,,
108,서울,2023-11-08,8.4,1.8,16.1,,1.7,55.1,,,
108,서울,2023-11-09,11.4,5.9,18.4,5.1,2.1,73.1,,,5.1
108,서울,2023-11-10,3.4,0.5,9.1,,3.9,53.1,,,
108,서울,2023-11-11,1.7,-1.9,6.7,,2.2,47.9,,,
108,서울,2023-11-12,1.2,-2,5.7,,2.2,53.8,,,
108,서울,2023-11-13,2,-2.2,6.7,,2.3,54,,,
108,서울,2023-11-14,5,-0.8,10.8,,1.7,66.1,,,
108,서울,2023-11-15,7,2,12.5,,1.5,71.4,,,
108,서울,2023-11-16,6.6,5.7,7.4,8.4,1.9,85,,,8.4
108,서울,2023-11-17,1.6,-1.9,5.9,0,2.9,59.3,,,0
108,서울,2023-11-18,0.6,-3.8,5.7,,3.5,58.9,,,
108,서울,2023-11-19,5.9,-0.3,13.4,,2.4,68.3,,,
108,서울,2023-11-20,6.2,1.8,12.8,,1.5,58.4,,,
108,서울,2023-11-21,7.4,1.4,14.8,,1.7,59.6,,,
108,서울,2023-11-22,9.5,2.9,15.1,,1.8,68.1,,,0.1
108,서울,2023-11-23,9.9,1.9,14.6,0.1,3.3,71.1,,,
108,서울,2023-11-24,-1.5,-4.4,2.2,,3.8,51.8,,,
108,서울,2023-11-25,-1.3,-5.9,4,,1.8,42.8,,,
108,서울,2023-11-26,4,-0.1,7.2,0,1.4,43.6,,,2.1
108,서울,2023-11-27,6.2,4.4,9.3,3.6,2.4,82.9,,,1.5
108,서울,2023-11-28,1.3,-1.2,5.2,,3.3,58,,,
108,서울,2023-11-29,-1.4,-4,3,,2.6,59,,,
108,서울,2023-11-30,-4.3,-7.3,-0.5,,2.8,48.5,,,
108,서울,2023-12-01,-3.2,-6.8,0.7,,2,55.3,,,
108,서울,2023-12-02,2,-4.4,8,0,2.4,60.8,,,0
108,서울,2023-12-03,0.8,-2.8,6,,1.7,56.3,,,
108,서울,2023-12-04,2.7,-3,9.4,,1.6,59.5,,,
108,서울,2023-12-05,6.8,3.8,12.6,,2,55.4,,,
108,서울,2023-12-06,6.1,3.9,8.7,3.8,2.3,76.1,,,3.8
108,서울,2023-12-07,6.6,0.8,11.4,,2.6,64,,,
108,서울,2023-12-08,11.2,5.1,16.8,,3,73.4,,,
108,서울,2023-12-09,13.7,11.7,16.2,,2,82.9,,,
108,서울,2023-12-10,11.4,6.7,15.5,0,,67.9,,,1.2
108,서울,2023-12-11,8.9,5,12.3,11.4,,82.9,,,10.6
108,서울,2023-12-12,5.4,3.5,9.3,0.4,2.7,75.6,,,
108,서울,2023-12-13,6.8,2.6,10.3,,2.4,74.1,,,0
108,서울,2023-12-14,7.6,6.2,9.1,17,4.5,85.8,,,39.9
108,서울,2023-12-15,4.9,3.7,6.2,31.1,3.6,95.4,,,9.7
108,서울,2023-12-16,-4.1,-9.9,3.8,1.5,5.2,68.9,1,1,0
108,서울,2023-12-17,-9.8,-12.4,-6.4,,3.2,48.9,,,
108,서울,2023-12-18,-7.7,-12.2,-3.6,,2.2,45.1,,,
108,서울,2023-12-19,-3.7,-8.2,0.2,0.3,1.9,63.1,0.9,0.9,1.1
108,서울,2023-12-20,-7.4,-11.9,-2.1,0.8,3.4,64.1,1.2,2.1,0
108,서울,2023-12-21,-11.7,-14.4,-8,,3,57.4,,0.5,
108,서울,2023-12-22,-11.6,-14.7,-8,,2.7,51.8,,0.4,
108,서울,2023-12-23,-6.8,-12.7,-0.9,,1.8,53.4,,0.2,1.1
108,서울,2023-12-24,-2.2,-5.6,3,1.1,1.6,73.4,1.5,1.5,0.5
108,서울,2023-12-25,-0.7,-2.7,2.1,0.7,1.5,80.8,3,3,0.2
108,서울,2023-12-26,1.9,-2.6,7.2,,1.8,72.9,,,
108,서울,2023-12-27,1.5,-2.8,6.8,,1.4,76.6,,,
108,서울,2023-12-28,1.2,-1.7,4.4,,1.6,69.5,,,
108,서울,2023-12-29,1.3,-1.5,4.6,,1.7,71,,,0.3
108,서울,2023-12-30,0.6,-0.9,2.1,13.1,2.6,92,12.2,12.2,17.5
108,서울,2023-12-31,2.1,0.6,4.3,4.7,2,95.5,,8.8,0
108,서울,2024-01-01,3.3,-0.3,7.3,0,1.7,83.4,,2.4,0
108,서울,2024-01-02,2.9,2.2,4.3,0,1.6,72.6,,,0.1
108,서울,2024-01-03,1.8,-1.1,4,0.6,1.6,80.4,,,0.5
108,서울,2024-01-04,1.4,-3.3,4.7,,1.9,74.3,,,0
108,서울,2024-01-05,5,1.4,9.1,0,2.3,77.1,,,
108,서울,2024-01-06,0.7,-2.7,5.2,2.4,2.2,63.9,6,6,2.4
108,서울,2024-01-07,-4.4,-8.3,-0.9,,3.1,57.4,,5.6,
108,서울,2024-01-08,-4.7,-10.3,0,,1.8,57.8,,1.5,0.4
108,서울,2024-01-09,-0.6,-1.9,0.4,1.6,2,84,2.8,3.1,1.2
108,서울,2024-01-10,-1,-4.1,3.3,,1.7,85.9,,3,
108,서울,2024-01-11,1.7,-2.4,4.5,,1.9,80.6,,2,
108,서울,2024-01-12,0.9,-1.4,4.2,,2.3,61.6,,,
108,서울,2024-01-13,0.4,-3.8,6.4,,1.4,44.3,,,
108,서울,2024-01-14,-0.6,-3.3,2.4,3.1,2.1,74.5,,,3.1
108,서울,2024-01-15,-3.7,-6.9,0.9,,2.5,51.3,,,
108,서울,2024-01-16,-2.1,-7.2,4.3,,1.5,49.8,,,
108,서울,2024-01-17,0.6,-2.3,1.9,9.7,2,78.5,2.3,2.3,10.2
108,서울,2024-01-18,4.5,1.4,9.4,0.5,2.4,81.5,,1.1,
108,서울,2024-01-19,5.4,4,9,,4.5,65.4,,,
108,서울,2024-01-20,3.4,1.9,4.9,0.4,5.3,69.5,,,0.4
108,서울,2024-01-21,1.7,-2.4,4.3,0.4,2.5,75.8,,,0.6
108,서울,2024-01-22,-8.7,-11.9,-2.4,0.2,4.1,65.6,2.3,2.3,
108,서울,2024-01-23,-11.7,-14,-8.2,,3.9,53.6,,,
108,서울,2024-01-24,-8,-11.2,-3.7,,3.3,52,,,
108,서울,2024-01-25,-5.3,-9.7,-0.5,,2.1,47.8,,,
108,서울,2024-01-26,-1.7,-6.9,4,,1.9,62.5,,,
108,서울,2024-01-27,-0.5,-4.6,4.6,,1.8,70,,,
108,서울,2024-01-28,-1.5,-5,3.8,,1.9,62.3,,,
108,서울,2024-01-29,-0.4,-4.8,4.6,,1.7,66.6,,,
108,서울,2024-01-30,1.4,-4,8.1,,1.4,59.3,,,
108,서울,2024-01-31,4.7,0.7,10.6,,1.9,54.1,,,
108,서울,2024-02-01,2.4,-1.3,8.2,,2.1,64.9,,,
108,서울,2024-02-02,3.1,0.7,7.9,,2.1,65.5,,,
108,서울,2024-02-03,4.7,-0.2,8.3,0,2.2,63.9,,,0
108,서울,2024-02-04,7.3,3.7,12.2,,1.8,60.9,,,1.2
108,서울,2024-02-05,2.7,0.1,6.6,3.9,5,81.8,3.6,3.6,2.9
108,서울,2024-02-06,1.2,0,2.9,0.2,2.2,83.5,0.2,3.8,0
108,서울,2024-02-07,0.6,-0.9,2.7,0,2.1,76.6,,,
108,서울,2024-02-08,0.6,-3,6.2,,1.6,66.9,,,
108,서울,2024-02-09,1.1,-2.5,6.1,,2.2,66.8,,,
108,서울,2024-02-10,1.7,-1.5,7.4,,1.9,69.4,,,
108,서울,2024-02-11,1,-3.1,5.5,0,2.2,70.6,,,0
108,서울,2024-02-12,3.5,-2.9,10.5,,1.8,62.8,,,
108,서울,2024-02-13,8.2,2,13.7,,2.5,70.6,,,
108,서울,2024-02-14,12.9,8.8,18.3,,2.2,76.4,,,0.1
108,서울,2024-02-15,4.5,0.6,11.6,10.9,2.9,89.9,1.5,1.5,10.8
108,서울,2024-02-16,2.3,-1.5,8.1,,1.8,72.4,,,
108,서울,2024-02-17,4.4,-1.2,11.7,,1.7,73.5,,,
108,서울,2024-02-18,6.2,1.2,9.4,17.1,2.8,81.4,,,24.6
108,서울,2024-02-19,9.1,4.2,11.9,8.9,2.3,95.8,,,1.7
108,서울,2024-02-20,4.3,2.8,6.8,2.6,3.4,86.3,,,8.7
108,서울,2024-02-21,1.9,0,4,17.8,5.2,92.5,5.2,5.2,20.2
108,서울,2024-02-22,0.2,-1.1,1.6,8.8,4.2,84.5,8.6,13.8,0.4
108,서울,2024-02-23,1.8,-1,6.1,0.4,3.5,68.8,0.3,10.2,
108,서울,2024-02-24,2,-1.3,5.9,2.3,2.9,68.6,,2,4.1
108,서울,2024-02-25,2.8,0.8,5.9,1.8,2,80.8,0.2,0.2,0
108,서울,2024-02-26,3.8,-1.2,9.7,,1.9,65.3,,,
108,서울,2024-02-27,5.3,1.2,9.8,,3,52,,,
108,서울,2024-02-28,6.4,3.2,10.1,,2.1,59.5,,,
108,서울,2024-02-29,4.8,0.3,9.6,,2.2,63.6,,,
108,서울,2024-03-01,-4.1,-7.1,0.3,,4.4,38.9,,,
108,서울,2024-03-02,-0.5,-8.1,4.1,0,3.2,60.4,,,0
108,서울,2024-03-03,4,0.4,7.8,,2.9,71.5,,,
108,서울,2024-03-04,5.4,-1.8,11.7,,1.6,45.5,,,
108,서울,2024-03-05,8,5.5,11,,2.9,45.1,,,
108,서울,2024-03-06,6.2,2.5,10.3,,2.8,58.8,,,0
108,서울,2024-03-07,3.9,1.2,8.2,2.1,3,62.4,,,2.1
108,서울,2024-03-08,2.1,-0.7,6.5,,3.4,50.6,,,
108,서울,2024-03-09,2,-2.1,7.1,,2.7,50.8,,,
108,서울,2024-03-10,4.2,-1.8,10.6,,2.1,54,,,
108,서울,2024-03-11,6.2,2,10.8,,,62.3,,,0.3
108,서울,2024-03-12,6.6,4.4,10,2.1,,78,,,1.8
108,서울,2024-03-13,6.5,1.3,12,,2.7,57.6,,,
108,서울,2024-03-14,8.5,3.4,15.4,,,58.3,,,
108,서울,2024-03-15,8.9,4,14.5,,2.3,68.5,,,
108,서울,2024-03-16,10.9,4.4,18.3,,2.1,54.5,,,0.1
108,서울,2024-03-17,8.8,5.4,12.2,0.1,3.7,48,,,
108,서울,2024-03-18,7.1,1.4,13.2,,2.4,28.6,,,0
108,서울,2024-03-19,6.7,3.9,9.8,0.2,3.7,60.8,,,0.2
108,서울,2024-03-20,4.4,1.2,8.7,,3.4,46.5,,,
108,서울,2024-03-21,5,-1.2,11.5,,2,46.5,,,
108,서울,2024-03-22,10.4,3.8,15.2,5.4,3.4,57,,,5.5
108,서울,2024-03-23,13,9.3,18.2,0.1,2.3,66,,,
108,서울,2024-03-24,16.2,10.5,23.4,,2.4,42.5,,,
108,서울,2024-03-25,10.6,6.7,14.5,5.1,4,63,,,16.6
108,서울,2024-03-26,7.4,3.2,12.4,11.5,2.6,77.3,,,0
108,서울,2024-03-27,10.4,4.4,16.2,,2,68.4,,,1.5
108,서울,2024-03-28,10.3,7.8,12.2,1.9,1.8,81.8,,,0.4
108,서울,2024-03-29,7.6,5,12.3,1.4,2.8,73,,,1.4
108,서울,2024-03-30,8.8,3,15.6,,2.4,56.5,,,
108,서울,2024-03-31,10.6,3.4,17.7,,1.9,39.9,,,
108,서울,2024-04-01,12.2,5.5,19,,1.8,32,,,
108,서울,2024-04-02,15.4,7,23.9,,2,37.5,,,
108,서울,2024-04-03,16.6,13.9,19.7,0,1.8,55.9,,,0
108,서울,2024-04-04,15.5,12.4,20.3,,2.9,52.1,,,
108,서울,2024-04-05,14,10.2,18.8,,2.5,51.3,,,
108,서울,2024-04-06,12.7,8,18.9,,1.9,48.6,,,
108,서울,2024-04-07,14.8,7.7,23.4,,2,33.4,,,
108,서울,2024-04-08,16.2,11,22.8,,2.1,46.5,,,
108,서울,2024-04-09,15.3,10.6,20.8,,3.5,32.4,,,
108,서울,2024-04-10,13.8,10.2,18.5,,2.6,62.6,,,0
108,서울,2024-04-11,15.5,11.7,21.1,0,1.8,61,,,
108,서울,2024-04-12,17.2,12,24.2,,2.1,59.6,,,
108,서울,2024-04-13,19.1,11.2,27.3,,1.9,52.4,,,
108,서울,2024-04-14,20.8,13.6,29.4,,1.9,47.1,,,1.9
108,서울,2024-04-15,16,11.7,20,17.1,2.5,77.4,,,17.5
108,서울,2024-04-16,13.3,11.5,17.9,2.3,2.5,82.6,,,0
108,서울,2024-04-17,15,9.7,21.8,,2.2,65.3,,,
108,서울,2024-04-18,17.3,10.7,24.9,,2.2,53.3,,,
108,서울,2024-04-19,17.6,11.5,24.3,,2.1,51.8,,,
108,서울,2024-04-20,14.9,13,17.2,4.8,3,77.3,,,4.8
108,서울,2024-04-21,17.2,13.3,21.7,,3.8,65.5,,,
108,서울,2024-04-22,18.8,15,24.1,,3.1,49.4,,,
108,서울,2024-04-23,17.3,13.2,24.2,0,3.6,55,,,8.5
108,서울,2024-04-24,13.2,11,16.5,9,3,80.1,,,0.5
108,서울,2024-04-25,14.4,10.3,20.8,,1.9,75.6,,,
108,서울,2024-04-26,17.8,11.4,26,,1.9,61.1,,,
108,서울,2024-04-27,18.2,11.5,26.2,,1.9,56.4,,,
108,서울,2024-04-28,20.7,13,28.9,,1.6,53.5,,,
108,서울,2024-04-29,20.9,16.9,26.1,,3,48,,,
108,서울,2024-04-30,18.6,16,22.5,,2.2,62.5,,,
108,서울,2024-05-01,18.5,13.9,24,,2.4,46,,,
108,서울,2024-05-02,18.1,12.4,23.7,,2.4,48.4,,,
108,서울,2024-05-03,19.7,12.2,27.9,,1.9,46.9,,,
108,서울,2024-05-04,21.4,14.6,28.5,0,1.9,44.8,,,3.2
108,서울,2024-05-05,17.8,15.7,20.6,48.3,2.5,87.4,,,54.6
108,서울,2024-05-06,13.9,13.4,15.7,12.3,3.1,92.9,,,5.2
108,서울,2024-05-07,13.3,12.2,15,2.4,3,77.3,,,0
108,서울,2024-05-08,14.7,9,21.4,,2.3,58.8,,,
108,서울,2024-05-09,16.1,10.9,21.8,,2.9,63.6,,,
108,서울,2024-05-10,17.9,12.5,23.8,,2.6,55.6,,,
108,서울,2024-05-11,17,14,22,31.7,3.5,80,,,31.7
108,서울,2024-05-12,16.6,11.9,21.6,,2.7,65,,,
108,서울,2024-05-13,18.3,11.9,24.5,,2.3,51.9,,,
108,서울,2024-05-14,18.8,12.7,24.7,,2.4,43.3,,,
108,서울,2024-05-15,12.6,7.2,18.8,20.6,2.7,74.3,,,20.7
108,서울,2024-05-16,13.7,6.9,19.8,0.1,3.1,61.3,,,
108,서울,2024-05-17,18.3,10.8,24.9,,2.2,63.6,,,
108,서울,2024-05-18,20.7,16,26.5,,2,65.3,,,
108,서울,2024-05-19,21.5,15.9,27.9,,1.9,63.1,,,
108,서울,2024-05-20,19.4,16.8,22.8,,2.3,75,,,
108,서울,2024-05-21,21.7,16.3,28.3,,1.9,68.1,,,
108,서울,2024-05-22,20.5,16.4,25.5,,2.3,68.9,,,
108,서울,2024-05-23,20.2,15.8,26.4,,2.5,67.9,,,
108,서울,2024-05-24,20.1,15.7,24.7,,2.1,75.1,,,
108,서울,2024-05-25,21.4,18.7,24.7,,1.8,62.8,,,
108,서울,2024-05-26,19.9,17,23.7,8.7,2.7,74.3,,,8.7
108,서울,2024-05-27,18.5,14.1,22.6,,3.3,63.4,,,
108,서울,2024-05-28,20.4,14.3,26.1,,2.5,54.8,,,
108,서울,2024-05-29,21.2,15.4,26.8,,2.1,51.6,,,
108,서울,2024-05-30,20.7,16.2,24.6,,1.6,49.1,,,
108,서울,2024-05-31,20.4,16.9,25.4,1,2.6,60,,,1
108,서울,2024-06-01,20.7,17.5,25.2,0,2.8,61.3,,,
108,서울,2024-06-02,20.4,15.7,25.8,,2.7,51.9,,,
108,서울,2024-06-03,22.2,15.7,28.7,,2.4,47.4,,,
108,서울,2024-06-04,22.8,16.3,29.3,,2.4,42.1,,,
108,서울,2024-06-05,23.6,18.1,30.1,,1.9,53.9,,,
108,서울,2024-06-06,24.1,19.3,31.4,,2,54.3,,,
108,서울,2024-06-07,23.1,18.3,28,0.8,1.9,54.3,,,4.6
108,서울,2024-06-08,20.3,17.9,25,16.9,1.6,79.5,,,13.1
108,서울,2024-06-09,22.9,17.4,28.8,,1.8,68.9,,,
108,서울,2024-06-10,24.7,19,31.1,,2.2,66.3,,,
108,서울,2024-06-11,25.4,21.7,31.6,,2.4,62.4,,,
108,서울,2024-06-12,24.8,19.2,31.8,,2.1,60.8,,,
108,서울,2024-06-13,26.4,20,32.8,,1.8,51.4,,,
108,서울,2024-06-14,26.3,21.4,33,,2.3,56,,,5.7
108,서울,2024-06-15,24.2,21.8,28.2,6.1,1.9,72.3,,,0.4
108,서울,2024-06-16,24.3,19.9,29.5,,2.8,58.4,,,
108,서울,2024-06-17,24.8,18.9,30.2,,2.4,48.4,,,
108,서울,2024-06-18,26,20.4,32.9,,2.1,59.5,,,
108,서울,2024-06-19,28.8,21.4,35.8,,1.6,54.3,,,
108,서울,2024-06-20,29.4,23.4,35.4,,2,45.1,,,
108,서울,2024-06-21,28.1,22.9,33.9,,2,49.8,,,
108,서울,2024-06-22,24.2,22.6,26.1,16.5,2,80.6,,,18.6
108,서울,2024-06-23,25.1,22.5,30.1,5.1,2.2,79.5,,,3
108,서울,2024-06-24,24.3,21.2,27.9,0,2.9,70.4,,,
108,서울,2024-06-25,22.9,19.1,27.2,,3,61.9,,,
108,서울,2024-06-26,24.9,18.9,31.6,,1.9,61,,,
108,서울,2024-06-27,26.3,20.6,31.6,,1.6,55,,,
108,서울,2024-06-28,26.6,21.3,32.5,,2.1,54.6,,,
108,서울,2024-06-29,26.7,21.6,32.3,38.3,2.2,65.1,,,70.4
108,서울,2024-06-30,23.5,22,24.9,32.2,3.7,88.5,,,0.1
108,서울,2024-07-01,26.3,22,31.3,,1.8,69.1,,,1
108,서울,2024-07-02,23.2,21.9,25.2,65.1,2.8,90,,,64.9
108,서울,2024-07-03,24.7,23.6,25.9,0.8,3.6,80.3,,,
108,서울,2024-07-04,26.8,23.2,30.6,3.6,3,74.8,,,7.7
108,서울,2024-07-05,23.4,21.3,26.1,4.1,3.3,80.5,,,2.5
108,서울,2024-07-06,25.1,22.1,30,2.8,3.2,84.1,,,0.3
108,서울,2024-07-07,24.4,21.5,28.2,28.7,1.8,85.1,,,38.2
108,서울,2024-07-08,23.8,23.1,24.5,21.1,1.8,93.4,,,11.6
108,서울,2024-07-09,24.5,22.7,26.7,0.3,1.8,86.9,,,1.7
108,서울,2024-07-10,26.6,22.7,31.1,1.4,2.2,77.1,,,0
108,서울,2024-07-11,25.7,23.3,28.9,,2.1,79.6,,,
108,서울,2024-07-12,25.6,21.8,30.2,,1.6,79.5,,,
108,서울,2024-07-13,28.1,23.5,33.3,0,1.9,70,,,0
108,서울,2024-07-14,28.4,24.9,32.1,0.4,2.4,65.9,,,0.4
108,서울,2024-07-15,28.4,24.5,31.3,0,2.4,64.6,,,0
108,서울,2024-07-16,27,24.6,30.7,17,2.3,78.4,,,62.3
108,서울,2024-07-17,25.4,24.1,28.1,98.8,2.5,91.6,,,109.2
108,서울,2024-07-18,24.3,23.1,25.6,128.8,2.2,95.3,,,73.2
108,서울,2024-07-19,27,24.2,30.8,0.1,2.2,80.1,,,0
108,서울,2024-07-20,27.2,25.1,30.6,14.9,2.7,80.4,,,22.3
108,서울,2024-07-21,26.5,22.5,29.8,8.5,3.6,83.6,,,12.5
108,서울,2024-07-22,26.6,24.3,27.9,79.9,3.1,89,,,68.6
108,서울,2024-07-23,26.4,25.8,27.3,2,3.2,87.9,,,16
108,서울,2024-07-24,28.1,26,30.9,14.7,2.6,85,,,0.6
108,서울,2024-07-25,28.8,25.4,32.2,25.3,1.8,79.8,,,26
108,서울,2024-07-26,28.7,25.2,32.7,5.5,2.3,81.9,,,4.8
108,서울,2024-07-27,28.9,27.5,31.7,33.5,1.7,83.6,,,33.5
108,서울,2024-07-28,29.2,27.3,32.2,0,3.2,76,,,0
108,서울,2024-07-29,27.4,26.8,27.8,0,3.8,84,,,0
108,서울,2024-07-30,28.6,26.3,31.9,,2.8,78.8,,,
108,서울,2024-07-31,29.4,27,33.3,,2.6,74.5,,,0.3
108,서울,2024-08-01,29.9,27.3,33.2,0.3,2.6,75.5,,,
108,서울,2024-08-02,29.6,28.2,32.5,,2.6,79.4,,,
108,서울,2024-08-03,30.2,27.2,34.2,,2.2,75,,,
108,서울,2024-08-04,31.8,27.3,36.2,,1.6,69.3,,,0.5
108,서울,2024-08-05,30,26.9,33.7,1.3,1.9,75.5,,,0.8
108,서울,2024-08-06,29.5,25.6,33.5,0,1.9,74.8,,,
108,서울,2024-08-07,29.6,27.2,33.4,3.4,1.7,72,,,3.4
108,서울,2024-08-08,28.5,26.9,31.6,0,1.6,77.5,,,0
108,서울,2024-08-09,29.3,25.6,33.6,,1.6,74.1,,,
108,서울,2024-08-10,30,26.4,33.6,,1.7,70.8,,,
108,서울,2024-08-11,30.8,27.8,34.4,,1.8,67.8,,,
108,서울,2024-08-12,31.1,28.2,34.1,,1.9,70.5,,,
108,서울,2024-08-13,31.3,28.1,36.4,0,1.8,70,,,0
108,서울,2024-08-14,30,27.3,34.9,3,1.9,73,,,3.3
108,서울,2024-08-15,29.2,26.7,34.6,6.4,1.8,74.6,,,6.1
108,서울,2024-08-16,29.8,26.8,34.3,0,2,69.4,,,0
108,서울,2024-08-17,29.8,27.2,34,11,1.7,71,,,11
108,서울,2024-08-18,29.5,27,33.9,0,2,73.8,,,0
108,서울,2024-08-19,29.7,26.3,35.3,2.3,1.9,72.3,,,2.3
108,서울,2024-08-20,31.4,27,35.4,0,2.3,68.3,,,40
108,서울,2024-08-21,28.4,26.9,30.8,42.2,3.2,85.9,,,2.2
108,서울,2024-08-22,28.6,27.1,30.3,0.6,3.4,79.9,,,0.6
108,서울,2024-08-23,28.4,26.4,31.8,0,2.7,73.5,,,
108,서울,2024-08-24,27.6,25.1,30.9,2,1.4,78.8,,,2
108,서울,2024-08-25,28.5,24.9,32.7,,1.4,76.6,,,
108,서울,2024-08-26,28.1,25.6,30.6,0,1.5,77.8,,,0
108,서울,2024-08-27,26.5,24.6,30.3,0.3,1.9,69.8,,,0.3
108,서울,2024-08-28,28.2,23,33.2,,2.9,62.1,,,
108,서울,2024-08-29,28.4,23.4,33.5,,3.1,61,,,
108,서울,2024-08-30,28,23.7,32.9,,2.4,64,,,
108,서울,2024-08-31,27.6,22.6,33,,1.9,65.6,,,
108,서울,2024-09-01,27.1,24.6,31.6,,2,64.9,,,2.7
108,서울,2024-09-02,24.5,22.2,26.9,2.7,2.6,73.6,,,0
108,서울,2024-09-03,27,23.2,32,,2.9,54.5,,,
108,서울,2024-09-04,27.9,23.2,33.3,,2.2,61.4,,,
108,서울,2024-09-05,26.3,25.6,28.8,6.9,2.4,79.1,,,7.3
108,서울,2024-09-06,24,23.3,25.7,0.7,2.6,79.3,,,0.3
108,서울,2024-09-07,26.5,22.8,31.3,0,1.9,68.9,,,
108,서울,2024-09-08,27.2,22.6,32.8,,1.6,69.6,,,
108,서울,2024-09-09,28.5,24.1,34.1,,1.9,69,,,
108,서울,2024-09-10,29.4,25.6,33.9,,1.8,67.3,,,
108,서울,2024-09-11,29,25.4,34.6,0.4,1.8,71.5,,,26.6
108,서울,2024-09-12,25.4,24.8,27.1,32.7,2.1,91.5,,,7.1
108,서울,2024-09-13,25.9,24.2,28,7.6,2.2,91.4,,,7
108,서울,2024-09-14,28,25.2,32.2,0,1.7,80.3,,,
108,서울,2024-09-15,27.5,24.2,32.4,,2.8,73.6,,,9.5
108,서울,2024-09-16,26.8,21.3,32.2,9.5,2.8,74,,,
108,서울,2024-09-17,28.6,25.8,33.2,,1.7,77,,,
108,서울,2024-09-18,29.4,26.5,33.6,0.7,1.6,76.8,,,0.7
108,서울,2024-09-19,29.1,25.6,32.6,,1.7,77.4,,,7.5
108,서울,2024-09-20,25,17.9,28.6,54.5,2.4,89.8,,,73.4
108,서울,2024-09-21,19.3,17.1,21.9,27,4.3,82.3,,,0.6
108,서울,2024-09-22,21,16.9,26.7,,2.7,67.4,,,
108,서울,2024-09-23,20.8,16.6,26.1,,3.1,58.3,,,
108,서울,2024-09-24,21,15.6,26.9,,2.2,57.9,,,
108,서울,2024-09-25,23.3,18.6,27.3,0,1.7,65.6,,,1.2
108,서울,2024-09-26,23.6,21.1,28,1.2,1.6,75.1,,,
108,서울,2024-09-27,22.7,19.1,28,,2.4,72.8,,,
108,서울,2024-09-28,23.2,19.2,27.9,,3.4,59.3,,,
108,서울,2024-09-29,23.5,19.1,29,,2.7,61.5,,,
108,서울,2024-09-30,23,18.3,28.5,,2.1,63,,,2.2
108,서울,2024-10-01,18.3,13.3,21.7,2.5,2.5,67.5,,,0.3
108,서울,2024-10-02,14.9,11.6,19.9,,2.5,48.8,,,
108,서울,2024-10-03,16.4,10.8,22.5,,1.9,59,,,
108,서울,2024-10-04,17.6,11.9,24.2,,1.8,60,,,
108,서울,2024-10-05,17.5,11.6,24.4,,1.6,60.4,,,
108,서울,2024-10-06,15.4,12.3,17.9,0,1.4,73.5,,,0
108,서울,2024-10-07,16.9,14,20.7,,1.3,73.9,,,
108,서울,2024-10-08,17.7,12.7,23.9,,1.8,73.9,,,
108,서울,2024-10-09,18.8,13.9,24.4,,2.3,64.1,,,
108,서울,2024-10-10,18.8,15.3,24.1,0,1.9,66.3,,,0
108,서울,2024-10-11,18.6,13.9,24.4,,1.8,68.8,,,
108,서울,2024-10-12,18.3,13.4,24.7,,1.5,60.6,,,
108,서울,2024-10-13,18.3,12.6,22.6,,2,67,,,
108,서울,2024-10-14,19.3,17.6,21.5,0,1.9,70.3,,,0.4
108,서울,2024-10-15,19.2,17.6,21.9,0.5,1.8,85,,,0.1
108,서울,2024-10-16,18.2,14.4,24.2,,1.5,76.9,,,
108,서울,2024-10-17,19,13.8,25.7,,1.7,70.4,,,0
108,서울,2024-10-18,17.4,16.2,18.8,47.1,2.5,86.1,,,48.1
108,서울,2024-10-19,16.6,12.4,21.1,1,3.3,75,,,
108,서울,2024-10-20,13.4,10.5,17.8,,3.7,56,,,
108,서울,2024-10-21,14.8,9.7,19.3,0,2.3,66.4,,,1
108,서울,2024-10-22,15.5,14.9,16.6,20.6,2,90.8,,,21.9
108,서울,2024-10-23,12.7,9.4,15.5,2.3,3.7,75.3,,,
108,서울,2024-10-24,12.5,7.1,18.4,,1.8,71.4,,,
108,서울,2024-10-25,14.9,8.7,21.5,,1.7,64.1,,,
108,서울,2024-10-26,17,10.7,24,,1.8,68.3,,,
108,서울,2024-10-27,16,14,18.8,0,1.6,79.4,,,0
108,서울,2024-10-28,15.7,12.3,20.4,0,2.1,75.9,,,0
108,서울,2024-10-29,15,13.4,18.3,0,2.3,64.6,,,0
108,서울,2024-10-30,15.7,11.4,21.4,,1.6,71.3,,,
108,서울,2024-10-31,15.9,11,22.6,,1.4,67.8,,,
108,서울,2024-11-01,15.3,12.9,18.7,,1.4,70.8,,,
108,서울,2024-11-02,18.1,13,25.1,,1.9,58.9,,,
108,서울,2024-11-03,17.6,13,23.5,0,2.4,71.1,,,0.1
108,서울,2024-11-04,14.8,8.9,18.3,0.1,2.9,62,,,
108,서울,2024-11-05,9.1,5.6,14.7,,2.1,49.8,,,
108,서울,2024-11-06,7.5,4.1,12.5,,2.5,46.1,,,
108,서울,2024-11-07,7.8,1.6,15.7,,1.5,48.1,,,
108,서울,2024-11-08,10.2,3.1,18.1,,1.5,50.8,,,
108,서울,2024-11-09,12.9,6.8,20.3,,1.4,55.8,,,
108,서울,2024-11-10,14.4,10.3,21,,1.8,64,,,
108,서울,2024-11-11,14.6,9.7,21.8,,1.2,64.5,,,
108,서울,2024-11-12,14.3,11,19.2,,2.2,66.8,,,
108,서울,2024-11-13,14.2,8.3,21.3,,1.7,62.9,,,
108,서울,2024-11-14,14.8,13.2,16.8,0.1,1.8,68.4,,,0.1
108,서울,2024-11-15,17,13.7,21.5,0,1.8,65.1,,,
108,서울,2024-11-16,17,14.4,22.6,6.5,2.6,72.5,,,6.5
108,서울,2024-11-17,7,2.1,14.4,,3.6,47.6,,,
108,서울,2024-11-18,2.8,-0.7,7.9,,2.3,30.9,,,
108,서울,2024-11-19,5.7,0.3,11.3,,2,49.5,,,
108,서울,2024-11-20,6.5,2.4,9.6,,1.3,65.8,,,0
108,서울,2024-11-21,9.7,6,14.1,0,2.2,71.9,,,0
108,서울,2024-11-22,6.2,3.3,10.6,,2.2,48,,,
108,서울,2024-11-23,6.4,1.5,12.6,,1.7,47.1,,,
108,서울,2024-11-24,7.4,2.6,14.2,,1.6,58.4,,,
108,서울,2024-11-25,10.1,3.6,15.4,0,2.5,57.6,,,16
108,서울,2024-11-26,5.8,1,12.7,26,3.4,86.4,0.9,0.9,26.3
108,서울,2024-11-27,-0.4,-1.3,1.2,22.4,1.4,90.6,19.3,20.1,11
108,서울,2024-11-28,0.8,-1.7,3.4,4.9,1.8,82,8.5,28.6,
108,서울,2024-11-29,0.2,-3.4,3.4,0,1.5,76.3,,12.3,0
108,서울,2024-11-30,2.5,-0.5,5.6,0,1.8,81.6,,7.9,0
108,서울,2024-12-01,5.2,1.6,8.2,0.5,2.4,89.3,,5.3,0.5
108,서울,2024-12-02,6.4,0.6,13,0,2.2,79.9,,,0
108,서울,2024-12-03,1.3,-2.4,5.2,0,2.4,48.6,,,0
108,서울,2024-12-04,3.1,-0.6,6.9,0,2.1,52.1,,,
108,서울,2024-12-05,3.9,-0.1,8.8,1.8,2.3,62.8,,,1.8
108,서울,2024-12-06,2.1,-0.4,5.2,,2.5,49.3,,,
108,서울,2024-12-07,0.2,-2.5,4.6,,2.5,56.9,,,
108,서울,2024-12-08,-0.2,-3.9,4.1,,2.2,46.5,,,
108,서울,2024-12-09,1,-3.8,7.4,,1.6,56.1,,,
108,서울,2024-12-10,2.6,-1.9,6.9,,1.9,58.9,,,
108,서울,2024-12-11,3,0.2,8.2,,1.6,50.3,,,
108,서울,2024-12-12,0.5,-3.2,5.4,,2.1,45.8,,,
108,서울,2024-12-13,1,-1.5,4.5,,2.2,42.1,,,
108,서울,2024-12-14,-0.8,-3.6,2.5,,2.2,51,,,0
108,서울,2024-12-15,1.2,-2.2,5.4,0,2.4,54.1,,,0
108,서울,2024-12-16,-0.2,-3.3,3.9,0,1.2,65.9,,,0
108,서울,2024-12-17,-0.8,-3.5,3.8,,2.2,51.8,,,
108,서울,2024-12-18,-3.4,-6.2,0.9,,2.2,47.1,,,
108,서울,2024-12-19,-1.4,-6.7,4.9,,1.5,47.4,,,
108,서울,2024-12-20,1.4,-2.1,5.3,0.4,2,60.9,0.5,0.5,3.3
108,서울,2024-12-21,-0.7,-4.7,1.9,2.9,2.8,74.1,2.4,2.7,
108,서울,2024-12-22,-3.4,-7.7,1,,2.1,52.9,,1.4,
108,서울,2024-12-23,0.3,-5,6.7,,2.2,58.5,,0.7,
108,서울,2024-12-24,-0.4,-4.3,5.1,,1.4,50.3,,,
108,서울,2024-12-25,2.7,-1.1,6.5,0.1,2,63.1,,,0.1
108,서울,2024-12-26,0.1,-4.8,4.2,0,3.4,57.9,,,
108,서울,2024-12-27,-2.6,-5.9,1.8,0,2.7,51.4,,,0
108,서울,2024-12-28,-3,-6.7,1.1,,2.5,48.3,,,
108,서울,2024-12-29,1.1,-4.2,6.1,,1.5,56.1,,,
108,서울,2024-12-30,5.5,1.9,10.1,0,2.3,68.5,,,0
108,서울,2024-12-31,0.6,-2,4.9,0,2.6,45.8,,,
