number,value,datetime_start,datetime_complete,duration,params_colsample_bytree,params_gamma,params_learning_rate,params_max_depth,params_min_child_weight,params_n_estimators,params_reg_alpha,params_reg_lambda,params_subsample,state
0,0.9812770414574684,2025-10-23 20:19:24.795389,2025-10-23 20:19:26.456003,0 days 00:00:01.660614,0.885440469137827,0.929970551201944,0.0014047742869111915,10,9.594692500699425,300,3.915677690538236,8.820039873760745,0.6235245139540404,COMPLETE
1,0.26853064689537426,2025-10-23 20:19:26.456497,2025-10-23 20:19:27.260131,0 days 00:00:00.803634,0.5941171265103327,0.41634024570358474,0.1555610128398673,4,4.288419466440931,500,4.759099065082105,4.008003362878631,0.6788613048808466,COMPLETE
2,0.3037257543549608,2025-10-23 20:19:27.260538,2025-10-23 20:19:27.744681,0 days 00:00:00.484143,0.6503114013398309,0.06114465834631211,0.021260643634782028,6,5.272116827283237,150,1.6435071145701996,3.994977345078503,0.9952996960351128,COMPLETE
3,0.29861123186054794,2025-10-23 20:19:27.745087,2025-10-23 20:19:27.994444,0 days 00:00:00.249357,0.5069473271243896,2.251945434844428,0.2685271130050128,5,2.4986875418887937,150,7.00358918823813,4.3807566929961315,0.6201005848947918,COMPLETE
4,0.2585956210388537,2025-10-23 20:19:27.994847,2025-10-23 20:19:28.158418,0 days 00:00:00.163571,0.6781814198158397,2.0359567835581722,0.28311802642622447,9,2.0937400496261547,50,0.39264407829028514,5.648407406619609,0.9731250634143147,COMPLETE
5,0.6741355747445308,2025-10-23 20:19:28.158780,2025-10-23 20:19:29.341375,0 days 00:00:01.182595,0.7795295300010769,0.398196966760187,0.0020638482850438575,5,5.937572580114689,450,8.263154633096795,4.404999195423396,0.5592881603580633,COMPLETE
6,0.6274795698738362,2025-10-23 20:19:29.341794,2025-10-23 20:19:29.741618,0 days 00:00:00.399824,0.6379265023694454,0.08254516711589166,0.009978332229486297,7,1.7060664068714786,100,6.2906158410287585,3.4683260245118586,0.8822998767099188,COMPLETE
7,0.259943291848392,2025-10-23 20:19:29.742025,2025-10-23 20:19:30.138752,0 days 00:00:00.396727,0.6036047767145272,1.3032362481398363,0.09210492340156398,8,9.16449239030748,150,6.017655929767228,0.29079385076151043,0.92394737889384,COMPLETE
8,0.38439137028515336,2025-10-23 20:19:30.139151,2025-10-23 20:19:30.962487,0 days 00:00:00.823336,0.7701919198598148,2.504524466050611,0.009291580673313463,8,1.1240926561147178,200,5.582248612347378,7.470164779613425,0.5567897047676884,COMPLETE
9,0.6064133935167009,2025-10-23 20:19:30.962896,2025-10-23 20:19:32.604146,0 days 00:00:01.641250,0.7433870898397392,3.1328934550320415,0.0029178134313289006,9,2.5239381682234128,350,8.09421076441175,0.5328988021742875,0.8376434726373179,COMPLETE
10,0.3036918756813907,2025-10-23 20:19:32.604561,2025-10-23 20:19:32.895835,0 days 00:00:00.291274,0.9799895880342313,4.714260285967132,0.04815344686432397,10,7.527539407696026,50,0.3825265977591011,6.9398327860331595,0.7649255977217435,COMPLETE
11,0.26910716708412175,2025-10-23 20:19:32.896250,2025-10-23 20:19:33.133724,0 days 00:00:00.237474,0.5410612137884576,1.6861175286654673,0.10376100339494622,8,8.558811393944735,50,3.4507340563900533,0.21728610612178478,0.9907518961979582,COMPLETE
12,0.2609511263367494,2025-10-23 20:19:33.134152,2025-10-23 20:19:33.640129,0 days 00:00:00.505977,0.6968934006611658,1.4481155563806,0.06592866335110678,8,3.8238207746563715,200,9.889278444251529,2.036729424665063,0.8970190332723876,COMPLETE
13,0.2723772474163834,2025-10-23 20:19:33.640534,2025-10-23 20:19:33.803871,0 days 00:00:00.163337,0.5822152833418529,3.0554652469606696,0.26043484467341865,9,6.900990724147435,50,2.3473498107451762,6.411520687507877,0.9218740504969712,COMPLETE
14,0.2722237624573006,2025-10-23 20:19:33.804277,2025-10-23 20:19:34.372501,0 days 00:00:00.568224,0.6979119591028524,3.9220770150768343,0.04214099748834593,7,9.75331860440539,250,0.19323792746023033,5.724411779259947,0.7924052892094392,COMPLETE
15,0.24990193112433573,2025-10-23 20:19:34.372899,2025-10-23 20:19:34.713666,0 days 00:00:00.340767,0.6309840517863451,1.5252103705632456,0.13485692848050562,9,0.5075071252028267,150,2.1787294727294366,2.38141918640498,0.9432178595604567,COMPLETE
16,0.24349192840888448,2025-10-23 20:19:34.714065,2025-10-23 20:19:34.975208,0 days 00:00:00.261143,0.8483118608864896,2.346071876399359,0.1633063557995025,10,0.5258192684034451,100,1.9341603742177027,2.337571565406135,0.9530165063999533,COMPLETE
17,0.2487958803349253,2025-10-23 20:19:34.975625,2025-10-23 20:19:35.901813,0 days 00:00:00.926188,0.861240659526307,2.9486248055781736,0.026155223127359826,10,0.7791790181242355,250,2.11102612627666,2.322421976062782,0.8120450346765714,COMPLETE
18,0.310431212952743,2025-10-23 20:19:35.902212,2025-10-23 20:19:36.539697,0 days 00:00:00.637485,0.847031136993959,3.0285212495894394,0.027416567390594556,3,3.6469223480592556,350,3.2111221050873757,2.031967913414624,0.8368513647459317,COMPLETE
19,0.32028812222640857,2025-10-23 20:19:36.540113,2025-10-23 20:19:38.599524,0 days 00:00:02.059411,0.9156044230731832,3.8446446577587747,0.005390860350518797,10,0.9709009813825276,400,1.2824742551621684,2.5745504593929986,0.7428101210244322,COMPLETE
20,0.29026994602740636,2025-10-23 20:19:38.599937,2025-10-23 20:19:39.621437,0 days 00:00:01.021500,0.8287434746827744,2.640316544781504,0.012915909748763794,10,2.9864835669591927,200,4.469074722634853,1.2694913245878419,0.8311380377030448,COMPLETE
21,0.25239497630285673,2025-10-23 20:19:39.621834,2025-10-23 20:19:40.044091,0 days 00:00:00.422257,0.9455044547665743,3.6565210751258412,0.12711863339763424,9,0.5252201728490808,250,2.4774907308580563,2.986024772145409,0.9451283282372089,COMPLETE
22,0.25456344941765524,2025-10-23 20:19:40.044496,2025-10-23 20:19:40.590540,0 days 00:00:00.546044,0.8341681709401791,1.9419391306359062,0.0336474673535976,10,1.4599914361910873,100,1.5623876148324953,1.5161363492782747,0.7123216427816412,COMPLETE
23,0.25106096147384427,2025-10-23 20:19:40.590959,2025-10-23 20:19:41.033431,0 days 00:00:00.442472,0.8646826932134422,2.73544223544166,0.15960493632014425,9,0.6759113217018557,300,2.553457028087051,2.9695606563587216,0.8796413927360355,COMPLETE
24,0.22294053951819012,2025-10-23 20:19:41.033858,2025-10-23 20:19:41.553826,0 days 00:00:00.519968,0.8114178590942702,0.9495821343431101,0.06624785189905615,10,1.5817863566500296,100,1.104355721009772,1.639948797697688,0.952763509777544,COMPLETE
25,0.2578447350665934,2025-10-23 20:19:41.554234,2025-10-23 20:19:41.954331,0 days 00:00:00.400097,0.8053057507977154,4.463109856984023,0.057317280978844566,10,3.008541564247586,100,0.9088735321862063,1.1962942791817293,0.8014657139811121,COMPLETE
26,0.24915915138309327,2025-10-23 20:19:41.954743,2025-10-23 20:19:42.333524,0 days 00:00:00.378781,0.9025275569800895,0.9195948117025998,0.07484295565631666,7,1.7580441012662251,100,3.166079961195253,9.991645397748727,0.8666236705931736,COMPLETE
27,0.22999758160656902,2025-10-23 20:19:42.333924,2025-10-23 20:19:43.687223,0 days 00:00:01.353299,0.7274159652510148,1.0323133730362875,0.01831824113959545,10,1.3907857434796624,250,1.0514273669019245,0.9099005718413264,0.9557921215711416,COMPLETE
28,0.4915880761401406,2025-10-23 20:19:43.687640,2025-10-23 20:19:44.626786,0 days 00:00:00.939146,0.7582181697840107,0.9968814416006049,0.0064441519545905815,8,4.500246564527857,200,0.9923484631254119,0.9363963955386487,0.9651922822614978,COMPLETE
29,0.23525171813327295,2025-10-23 20:19:44.627205,2025-10-23 20:19:46.305513,0 days 00:00:01.678308,0.719929870599473,0.8739236894937257,0.016317458213443277,10,3.169466534448951,350,3.8884446353770143,0.027052529341322407,0.9205679870773116,COMPLETE
30,0.2717515604918384,2025-10-23 20:19:46.305918,2025-10-23 20:19:47.360717,0 days 00:00:01.054799,0.7262702540474044,0.835497879346335,0.015395495404927672,6,3.187909031032322,350,4.0746355087416095,0.0604985685011008,0.9150044267697883,COMPLETE
31,0.3591381826892366,2025-10-23 20:19:47.361135,2025-10-23 20:19:49.729011,0 days 00:00:02.367876,0.791313537200353,1.1632272398736667,0.004529305351271831,10,1.835819671362652,400,3.872470831969242,1.594491247127563,0.9656648187862015,COMPLETE
32,0.227051207839401,2025-10-23 20:19:49.729428,2025-10-23 20:19:51.278531,0 days 00:00:01.549103,0.7254792149425668,0.5959821934183537,0.016103131257836602,9,2.458068590187354,300,0.8556711531213508,0.8350780440405223,0.9437950363350951,COMPLETE
33,0.22306153571587642,2025-10-23 20:19:51.278954,2025-10-23 20:19:52.724596,0 days 00:00:01.445642,0.7202461799726678,0.5499239922198242,0.02122128042564191,9,2.3663846567969373,300,0.9029084275894061,0.8491876873317147,0.9893296979727457,COMPLETE
34,0.22352134225274045,2025-10-23 20:19:52.725006,2025-10-23 20:19:54.171267,0 days 00:00:01.446261,0.6783431802644961,0.4597371269638964,0.021800121271819246,9,2.351929531261262,300,0.8763683187114646,1.0199355591453225,0.9878713520634951,COMPLETE
35,1.0684149412109432,2025-10-23 20:19:54.171678,2025-10-23 20:19:55.857230,0 days 00:00:01.685552,0.668693999972958,0.5176567679345162,0.0010785634210449533,9,4.851027582679674,300,0.44817255093871894,0.8103512659129148,0.6633640962083001,COMPLETE
36,0.2211228236974921,2025-10-23 20:19:55.857655,2025-10-23 20:19:56.887681,0 days 00:00:01.030026,0.804980957052136,0.5377000439407175,0.03627604835376996,9,2.367733874121792,300,1.5938538617866425,3.8617947089502396,0.9978591489502183,COMPLETE
37,0.21033751849061463,2025-10-23 20:19:56.888101,2025-10-23 20:19:58.670867,0 days 00:00:01.782766,0.805128245917955,0.010015003076168316,0.03924808815748929,8,2.1617397263437987,400,0.032038424733454085,3.8327098955549848,0.9935576013461855,COMPLETE
38,0.21845084408834703,2025-10-23 20:19:58.671260,2025-10-23 20:20:00.012008,0 days 00:00:01.340748,0.8156721712846249,0.16553124698672794,0.037457189925233086,8,5.543846462061666,500,0.041448430647347934,4.868779759609019,0.9983864177078741,COMPLETE
39,0.22417047160286244,2025-10-23 20:20:00.012455,2025-10-23 20:20:01.628301,0 days 00:00:01.615846,0.8135134656390116,0.07394897764641715,0.036865266524213694,7,5.654618518923696,500,0.1425029376992663,4.736591446374935,0.9991849955192522,COMPLETE
40,0.2321672326890842,2025-10-23 20:20:01.628719,2025-10-23 20:20:02.895868,0 days 00:00:01.267149,0.8841546127559267,0.2040904389752492,0.08370521797995081,6,6.256914970052751,500,0.004372884357297824,3.886685643280834,0.5303301638337485,COMPLETE
41,0.22785865049358828,2025-10-23 20:20:02.896280,2025-10-23 20:20:03.896578,0 days 00:00:01.000298,0.7786726053546911,0.2790539838720489,0.052513522604088876,8,3.8755435869666535,450,1.5645433335941012,5.367862979716731,0.9810828480964217,COMPLETE
42,0.22922075330538827,2025-10-23 20:20:03.896991,2025-10-23 20:20:04.982328,0 days 00:00:01.085337,0.8033431384348297,0.6860722890504797,0.03547951533236002,8,4.957414834340391,450,0.5912102708458522,3.6894859135711178,0.9008923625161924,COMPLETE
43,0.228161627298169,2025-10-23 20:20:04.982739,2025-10-23 20:20:06.211900,0 days 00:00:01.229161,0.7575569925344999,0.36047472645821965,0.029450512986506965,8,2.0169650228893943,400,1.3548769587878484,4.287665488996732,0.9963807831487341,COMPLETE
44,0.2178661337321653,2025-10-23 20:20:06.212320,2025-10-23 20:20:08.223710,0 days 00:00:02.011390,0.8241009688374792,0.026247302894572277,0.02215026264739979,8,6.537141813999627,450,1.5952064264111505,3.2301583144379693,0.973133144777872,COMPLETE
45,0.24828187068575944,2025-10-23 20:20:08.224124,2025-10-23 20:20:09.885918,0 days 00:00:01.661794,0.8212597449945256,0.06694001012223971,0.011891604520501527,7,6.571460714919521,450,1.762355074185296,3.2128121157607907,0.9336596287061635,COMPLETE
46,0.21703629547581976,2025-10-23 20:20:09.886327,2025-10-23 20:20:11.856835,0 days 00:00:01.970508,0.8733181374011217,0.031375118913259836,0.04530080093926661,8,5.575462667287959,500,5.297693968867003,5.188530848058599,0.9685244111372594,COMPLETE
47,0.21875914486434744,2025-10-23 20:20:11.857255,2025-10-23 20:20:13.768302,0 days 00:00:01.911047,0.8841740208778572,0.0564049320963354,0.04844466657274916,8,5.505809885032599,500,5.430730542072504,4.964431015803978,0.8621516690056957,COMPLETE
48,0.22417097014570744,2025-10-23 20:20:13.768732,2025-10-23 20:20:15.589844,0 days 00:00:01.821112,0.930655416117345,1.5697629844213523e-05,0.04752176986283884,7,7.3031378133154154,500,5.58396943480468,6.210074205488472,0.877373891385162,COMPLETE
49,0.2982773535880111,2025-10-23 20:20:15.590267,2025-10-23 20:20:16.891186,0 days 00:00:01.300919,0.9789098299802935,0.25197546042429586,0.00868541148282575,5,5.660387882020265,500,7.171509441017813,4.941538352359796,0.9709429566613865,COMPLETE
50,0.2309428769183836,2025-10-23 20:20:16.891607,2025-10-23 20:20:17.726443,0 days 00:00:00.834836,0.8823180202971194,0.2632900470731162,0.09656221386874382,8,8.208882705385166,450,4.977338375804196,7.581557266106175,0.8469089673118677,COMPLETE
51,0.24128318198944496,2025-10-23 20:20:17.726854,2025-10-23 20:20:18.777097,0 days 00:00:01.050243,0.8586642336611837,0.6794522147637401,0.04213867351806388,8,6.032683112494561,500,6.583486043967592,4.5365846495069615,0.8995327859838578,COMPLETE
52,0.2268269491804402,2025-10-23 20:20:18.777503,2025-10-23 20:20:20.558436,0 days 00:00:01.780933,0.8968292527322741,0.015677044128457197,0.024832299524866285,8,5.107569821652756,400,5.959688040584839,5.273727838173513,0.9699987614643263,COMPLETE
53,0.23667418938644333,2025-10-23 20:20:20.558855,2025-10-23 20:20:21.741251,0 days 00:00:01.182396,0.7892367565737457,0.4617423520132298,0.03440785419903396,8,5.478485725734475,450,5.464924350354842,4.200848465947995,0.9287135467271254,COMPLETE
54,0.24165084046441243,2025-10-23 20:20:21.741665,2025-10-23 20:20:22.632940,0 days 00:00:00.891275,0.8404453198194219,0.33571598298064426,0.06000986246537787,7,4.3707328033587505,500,4.6226122865041015,5.779419158866985,0.9989808788004721,COMPLETE
55,0.24419603863314132,2025-10-23 20:20:22.633358,2025-10-23 20:20:23.678682,0 days 00:00:01.045324,0.8726118757238762,0.6937106806369735,0.04576533969238703,9,6.83332899262523,450,7.454342398379809,3.602887823672325,0.6068566889967982,COMPLETE
56,0.2588604522699241,2025-10-23 20:20:23.679087,2025-10-23 20:20:24.586879,0 days 00:00:00.907792,0.9530502914958687,1.233710901342278,0.030714826964211576,6,6.326043341280567,400,2.730673064634331,6.0995015655298666,0.9764040049228881,COMPLETE
57,0.22994158956795335,2025-10-23 20:20:24.587294,2025-10-23 20:20:26.493322,0 days 00:00:01.906028,0.9143307505050624,0.22449140717659413,0.02190437952684662,8,7.52090114681526,500,6.545955307891364,5.27982731549761,0.904907146555662,COMPLETE
58,0.23330709034503389,2025-10-23 20:20:26.493743,2025-10-23 20:20:27.409538,0 days 00:00:00.915795,0.7725181946279382,0.1730206505560927,0.12504388941163094,7,5.4337607600518,450,5.25850561667524,3.9922627549549103,0.760892924124924,COMPLETE
59,0.24834091300299144,2025-10-23 20:20:27.409960,2025-10-23 20:20:28.182696,0 days 00:00:00.772736,0.8301125171742482,1.676013980963565,0.07887939559877312,9,4.74108235666617,500,4.212284587309066,6.894075912222245,0.8566506702506616,COMPLETE
60,0.2253239418965705,2025-10-23 20:20:28.183112,2025-10-23 20:20:30.094366,0 days 00:00:01.911254,0.8514135523682391,0.0005153133045837921,0.039424287807183364,8,3.912390536671542,450,9.56041875330137,4.678538849348266,0.9395084296318739,COMPLETE
61,0.22540937672959455,2025-10-23 20:20:30.094782,2025-10-23 20:20:30.965524,0 days 00:00:00.870742,0.797350163989577,0.7553005241615771,0.07095156995147017,9,1.2642832388350458,500,0.507969690107366,3.1835240493089376,0.9572503336175353,COMPLETE
62,0.23132912016876445,2025-10-23 20:20:30.965944,2025-10-23 20:20:31.824586,0 days 00:00:00.858642,0.8278062589913141,0.40726068762917345,0.059255668403761654,9,5.887119868492579,350,5.90024582384582,5.086227395957938,0.9533977565751227,COMPLETE
63,0.2756480238287847,2025-10-23 20:20:31.824996,2025-10-23 20:20:32.622711,0 days 00:00:00.797715,0.8121047959057429,0.5323330171743128,0.05135372665488892,4,5.210139820306827,400,1.2916259043861669,2.5855183982960233,0.9755770739555978,COMPLETE
64,0.2459409860245145,2025-10-23 20:20:32.623126,2025-10-23 20:20:32.899471,0 days 00:00:00.276345,0.8438099515985406,1.416043442732561,0.21589667183559716,8,7.105638799829984,150,2.0196709649250035,3.4463364501926037,0.9205752495445403,COMPLETE
65,0.23084670127251422,2025-10-23 20:20:32.899878,2025-10-23 20:20:34.364041,0 days 00:00:01.464163,0.8980306750469124,0.21201862479560551,0.027317484687598197,7,7.928754737605361,450,0.5759450879198641,5.772293590231869,0.9834671552767097,COMPLETE
66,0.23884713095728013,2025-10-23 20:20:34.364457,2025-10-23 20:20:35.360592,0 days 00:00:00.996135,0.7434656641854871,1.1024055700463673,0.04373416332183753,9,6.547871201791654,500,2.9465449663652485,4.4022242269148695,0.9513433563890659,COMPLETE
67,0.2263442665588223,2025-10-23 20:20:35.361013,2025-10-23 20:20:35.847866,0 days 00:00:00.486853,0.78311656887229,0.36382865908571205,0.10933040623007724,8,2.848766941628339,200,0.2622588664252863,1.9647194712255973,0.9374688369589731,COMPLETE
68,0.2357077534707633,2025-10-23 20:20:35.848286,2025-10-23 20:20:36.667591,0 days 00:00:00.819305,0.8762150783510932,0.9033559859647008,0.06379416500564002,9,4.103261837592067,450,4.981980387506287,4.01375370322295,0.9998481293313422,COMPLETE
69,0.21886789176428642,2025-10-23 20:20:36.668016,2025-10-23 20:20:38.292602,0 days 00:00:01.624586,0.8623458427631612,0.13294913674333647,0.02081863917364243,8,3.446385825187,350,0.026388982422387963,2.7274397467168088,0.884011261063279,COMPLETE
70,0.24978685233339482,2025-10-23 20:20:38.293014,2025-10-23 20:20:39.434641,0 days 00:00:01.141627,0.9245579739965897,3.283394929472061,0.018925500765636843,8,3.4805969651428246,350,0.08505682514844712,3.0862980115538026,0.8895076867436289,COMPLETE
71,0.232477710332228,2025-10-23 20:20:39.435049,2025-10-23 20:20:40.907690,0 days 00:00:01.472641,0.8618328814607574,0.18217912217151042,0.023906856143213022,7,1.6218202884194992,400,0.6916409071750299,4.872351601657628,0.8168714490786655,COMPLETE
72,0.24871436742062453,2025-10-23 20:20:40.908115,2025-10-23 20:20:42.315217,0 days 00:00:01.407102,0.817046782845958,2.0624462053843544,0.013118100006813621,8,1.0357198925858995,350,1.2081549093019923,2.8019553743621777,0.958949686786033,COMPLETE
73,0.24624798497958586,2025-10-23 20:20:42.315643,2025-10-23 20:20:43.309924,0 days 00:00:00.994281,0.5088809890777434,0.6143342439605448,0.02990824395972413,8,2.7026034177901175,250,1.6531983107214179,1.7313956185735602,0.9732410101217271,COMPLETE
74,0.20748096780933314,2025-10-23 20:20:43.310346,2025-10-23 20:20:44.774028,0 days 00:00:01.463682,0.7600099207322282,0.10448403203787088,0.039162777672622974,9,4.699716005949197,400,0.0030985142936653352,2.694924867875293,0.981202121561738,COMPLETE
75,0.20590665661541113,2025-10-23 20:20:44.774436,2025-10-23 20:20:46.480855,0 days 00:00:01.706419,0.7613820642386552,0.1082855316165326,0.0377415503509758,9,4.7350148565798085,400,0.28418116493062523,3.414679695001247,0.7860530923656595,COMPLETE
76,0.21100086567292103,2025-10-23 20:20:46.481274,2025-10-23 20:20:48.663211,0 days 00:00:02.181937,0.7602603825111099,0.1175908865084552,0.01941899992551247,9,4.607176329557132,400,0.2792063933927318,2.683480646430887,0.731043321656775,COMPLETE
77,0.21793944185713918,2025-10-23 20:20:48.663626,2025-10-23 20:20:49.973766,0 days 00:00:01.310140,0.7613425173566234,0.38436658168525495,0.03277401492304714,9,4.606510600581881,400,0.30823023029263413,3.417023445273319,0.7312505559438153,COMPLETE
78,0.218452293607236,2025-10-23 20:20:49.974181,2025-10-23 20:20:51.436194,0 days 00:00:01.462013,0.7644768100294282,0.41025570668608297,0.02639182193999444,9,4.707556435662788,400,0.3092171101334924,3.3994102707303395,0.725339822382031,COMPLETE
79,0.23217903401585685,2025-10-23 20:20:51.436606,2025-10-23 20:20:52.557773,0 days 00:00:01.121167,0.7016483185996255,0.7992501348747069,0.03261577341605868,9,9.1704151066597,400,0.7698124453013517,2.3176069260251735,0.68229392720894,COMPLETE
80,0.2062381903561853,2025-10-23 20:20:52.558188,2025-10-23 20:20:55.129220,0 days 00:00:02.571032,0.7487387743776331,0.14609721401542888,0.01768545000037182,10,4.581576056752215,400,0.31846655442452027,2.8638880077286886,0.7804567484638033,COMPLETE
81,0.2081468502522939,2025-10-23 20:20:55.129643,2025-10-23 20:20:57.847138,0 days 00:00:02.717495,0.7512716066044728,0.12585839787287117,0.01484730994535095,10,4.209709233417882,400,0.38306349812122764,2.8862075288613758,0.7847943555289223,COMPLETE
82,0.2149371117696226,2025-10-23 20:20:57.847564,2025-10-23 20:21:00.177311,0 days 00:00:02.329747,0.7390135898172604,0.37027735652585914,0.014574539849446379,10,4.575740331231158,400,0.3826379330851135,2.2143109650681776,0.7734969707052595,COMPLETE
83,0.21083586504858606,2025-10-23 20:21:00.177738,2025-10-23 20:21:02.908899,0 days 00:00:02.731161,0.7351312185054965,0.13656737264383587,0.013802869398577753,10,4.156843003604027,400,0.44916993187125903,2.1051505689092993,0.7861254720745378,COMPLETE
84,0.26858686774525575,2025-10-23 20:21:02.909314,2025-10-23 20:21:04.505455,0 days 00:00:01.596141,0.7340977108088134,4.945571797116209,0.010173681468616315,10,4.117827255011856,400,0.49956528194548644,2.148890562213419,0.7774764433668796,COMPLETE
85,0.2807750002165998,2025-10-23 20:21:04.505876,2025-10-23 20:21:06.814703,0 days 00:00:02.308827,0.707942889189863,0.31188988808778745,0.006874546193143088,10,4.265338318833382,350,1.0917964983719979,1.8809964210969856,0.7802135064718491,COMPLETE
86,0.21022445642555504,2025-10-23 20:21:06.815127,2025-10-23 20:21:09.417447,0 days 00:00:02.602320,0.7451467729042435,0.1331208089720056,0.014776729139063537,10,5.039636251404507,400,0.7233546644561182,2.808768436564996,0.7500126997322832,COMPLETE
87,0.21063457035711974,2025-10-23 20:21:09.417875,2025-10-23 20:21:12.093544,0 days 00:00:02.675669,0.7480921667876358,0.13443661612507196,0.013687784026928307,10,4.914256366683036,400,0.7105385025190273,1.3519358130376928,0.6932426631173667,COMPLETE
88,0.22653399485460285,2025-10-23 20:21:12.093959,2025-10-23 20:21:14.743075,0 days 00:00:02.649116,0.6814457540434781,0.146276164142449,0.01042311740739494,10,5.044826461800575,400,0.6721736908882404,2.4822395485888986,0.6928612827579959,COMPLETE
89,0.2366670432445951,2025-10-23 20:21:14.743478,2025-10-23 20:21:17.223290,0 days 00:00:02.479812,0.7467856977641762,0.5582127713948681,0.008234161979981036,10,3.7419112626293756,400,0.8580092586082901,1.3486112914441113,0.751221888636263,COMPLETE
90,0.21962629785680743,2025-10-23 20:21:17.223709,2025-10-23 20:21:19.186532,0 days 00:00:01.962823,0.7155869416127842,0.2830157119955643,0.018456494741798852,10,4.387049156134056,350,1.360429028701164,2.5875213332972438,0.6538951403633643,COMPLETE
91,0.2167922526373695,2025-10-23 20:21:19.186941,2025-10-23 20:21:21.445780,0 days 00:00:02.258839,0.7504042847544281,0.47451650527773154,0.01351924316047725,10,4.518208393362106,400,0.3654453051739924,2.868078348029779,0.7960974494584957,COMPLETE
92,0.20661227098431847,2025-10-23 20:21:21.446207,2025-10-23 20:21:24.183181,0 days 00:00:02.736974,0.776720875985481,0.13457087206309895,0.014970412931588633,10,4.902453552868421,400,0.30703930757259773,2.2141666479024424,0.7057141876209874,COMPLETE
93,0.21740717515725283,2025-10-23 20:21:24.183601,2025-10-23 20:21:26.721381,0 days 00:00:02.537780,0.7525815671374254,0.14585582479464385,0.011393802981433226,10,4.886098612902785,350,0.2039773835930611,1.8174307548131394,0.6980886284048158,COMPLETE
94,0.21278173829301508,2025-10-23 20:21:26.721815,2025-10-23 20:21:28.938829,0 days 00:00:02.217014,0.7706566102914795,0.28728139578322365,0.017071066104902808,10,5.224296330277195,400,1.0563707166898078,1.52862737472309,0.7395380900510852,COMPLETE
95,0.20576034784426106,2025-10-23 20:21:28.939251,2025-10-23 20:21:31.754958,0 days 00:00:02.815707,0.782171877932414,0.11145030900727779,0.015041783724407832,10,4.256522871552416,400,0.0012072676555535886,2.877724164517109,0.7149551322779071,COMPLETE
96,0.24279452207036353,2025-10-23 20:21:31.755375,2025-10-23 20:21:34.591698,0 days 00:00:02.836323,0.7785952908135501,0.1255958687966191,0.007365065207608061,10,4.083490953251454,400,0.7019647680652025,2.942941140952179,0.707924236640908,COMPLETE
97,0.21912154082295088,2025-10-23 20:21:34.592109,2025-10-23 20:21:36.727456,0 days 00:00:02.135347,0.73045718089983,0.47905679675595436,0.01544566744401771,10,4.945187778488066,400,0.008860449397446048,3.752776905146734,0.6557675401004288,COMPLETE
98,0.24196747814564973,2025-10-23 20:21:36.727883,2025-10-23 20:21:38.947410,0 days 00:00:02.219527,0.713412224168229,0.6220765856133115,0.009192192766713533,10,5.2934761439544005,350,0.5372291276786028,2.3987880029772373,0.8124549568237401,COMPLETE
99,0.26354696352665385,2025-10-23 20:21:38.947838,2025-10-23 20:21:40.632907,0 days 00:00:01.685069,0.6903656336214915,4.323688231105946,0.011574757512400884,10,3.5681519474180714,450,0.9056500625841624,2.044378245782939,0.7558987085032899,COMPLETE
100,0.30206174882968645,2025-10-23 20:21:40.633331,2025-10-23 20:21:43.394499,0 days 00:00:02.761168,0.6595650445315205,0.24923060273584827,0.0053542603296416885,10,5.769752117278944,400,0.7053658222376347,0.4741753850443253,0.7879353713958963,COMPLETE
101,0.2064849014362115,2025-10-23 20:21:43.394928,2025-10-23 20:21:46.411024,0 days 00:00:03.016096,0.7965578682690634,0.006777564100667266,0.01423720237201209,10,4.224064368942899,400,0.19173605362031068,2.7012536452898956,0.7200049474359652,COMPLETE
102,0.20592887255436004,2025-10-23 20:21:46.411619,2025-10-23 20:21:49.559384,0 days 00:00:03.147765,0.7853016533129318,0.0014674995962639936,0.01405724621267587,10,3.2224955172805982,400,0.0018250159535949106,3.2776996359009423,0.7205452683270044,COMPLETE
103,0.20382797119848342,2025-10-23 20:21:49.559805,2025-10-23 20:21:52.415790,0 days 00:00:02.855985,0.7970537586286405,0.08755212251306882,0.016939610651479614,10,3.279155765996759,400,0.05590936098524307,3.133442415761576,0.7177827966304595,COMPLETE
104,0.2077339411082189,2025-10-23 20:21:52.416210,2025-10-23 20:21:55.124576,0 days 00:00:02.708366,0.7927633503345382,0.011613265570690923,0.015538496579171382,10,3.4085565419949297,350,0.16217913220978125,3.30953976412021,0.7149212269107116,COMPLETE
105,0.21009651065325072,2025-10-23 20:21:55.124994,2025-10-23 20:21:57.292006,0 days 00:00:02.167012,0.7919232192773532,0.28866193743757806,0.016996337349830942,10,3.307326273189661,350,0.2023309253622278,3.0873943470599907,0.7169592048983386,COMPLETE
106,0.20625748078911377,2025-10-23 20:21:57.292424,2025-10-23 20:22:00.002768,0 days 00:00:02.710344,0.7915335733700756,0.0010275643236645586,0.017056935712667205,10,3.264482040048841,350,0.19507037020925883,3.2771053930561345,0.720282386865094,COMPLETE
107,0.21644452820343033,2025-10-23 20:22:00.003170,2025-10-23 20:22:02.712572,0 days 00:00:02.709402,0.7841042839036049,0.0036471028741813377,0.01203868652619311,10,3.1846489686190904,350,0.20488846833069957,3.3186862326833335,0.6808859975344245,COMPLETE
108,0.6372446801766828,2025-10-23 20:22:02.712989,2025-10-23 20:22:04.807212,0 days 00:00:02.094223,0.7982134758295915,0.4086430804384959,0.003063895535515851,10,3.924015661966103,300,0.47304108302824727,3.5451669493016635,0.7210578583194468,COMPLETE
109,0.20289093984080767,2025-10-23 20:22:04.807636,2025-10-23 20:22:08.070675,0 days 00:00:03.263039,0.7686945063932967,0.00557406533777593,0.02318549111956028,10,2.9213773247889177,450,1.0223862353024804,3.0223349095304033,0.7065607536455167,COMPLETE
110,0.20496451546141678,2025-10-23 20:22:08.071094,2025-10-23 20:22:10.163710,0 days 00:00:02.092616,0.7717256653961114,0.22089500897840117,0.02433870315590864,10,2.962111594961014,450,0.0037351963569967894,3.6419260869835264,0.7066902448191242,COMPLETE
111,0.2065979543952541,2025-10-23 20:22:10.164129,2025-10-23 20:22:12.507741,0 days 00:00:02.343612,0.7748544184781158,0.23842331728084273,0.02017379562370518,10,2.9420798102256374,450,0.10605769828082928,4.126581298256404,0.7069799105792777,COMPLETE
112,0.2080340659896601,2025-10-23 20:22:12.508149,2025-10-23 20:22:14.800826,0 days 00:00:02.292677,0.7701588893426996,0.2374746278632297,0.020306221871319086,10,2.8756714687352924,450,0.022403398720730827,3.6360867724751924,0.6695881333263363,COMPLETE
113,0.21314958693455138,2025-10-23 20:22:14.801252,2025-10-23 20:22:16.791042,0 days 00:00:01.989790,0.7787215447623994,0.315600648581115,0.0223127656201899,10,2.103603508326467,450,0.9973584751886071,4.043078187903555,0.700603961141783,COMPLETE
114,0.21573985226824852,2025-10-23 20:22:16.791465,2025-10-23 20:22:18.496071,0 days 00:00:01.704606,0.8061725046890899,0.4951751655792807,0.02398829406898909,10,2.5752351870764563,450,0.5255867050575168,3.0996236841849254,0.6300742591172237,COMPLETE
115,0.2038912807830875,2025-10-23 20:22:18.496487,2025-10-23 20:22:21.018334,0 days 00:00:02.521847,0.7721874182315144,0.2174986308803923,0.018359681608021514,10,3.1271994102187857,450,0.014961207925551223,2.5057163737622594,0.7407079747111529,COMPLETE
116,0.22117627325774844,2025-10-23 20:22:21.018757,2025-10-23 20:22:22.877274,0 days 00:00:01.858517,0.7702209400118335,0.7379698858427013,0.018216106851193698,10,3.0963741700411895,450,0.24630939901756255,4.1450610127230005,0.76712684718842,COMPLETE
117,0.22041602576895156,2025-10-23 20:22:22.877692,2025-10-23 20:22:24.799094,0 days 00:00:01.921402,0.7844106282794214,0.2243773598629533,0.02780287519946091,10,2.895078375590945,450,3.584421271666783,3.6999866710641727,0.7043786363589446,COMPLETE
118,0.21933216726947052,2025-10-23 20:22:24.799518,2025-10-23 20:22:26.895140,0 days 00:00:02.095622,0.7957809910314602,0.6229253418150653,0.016562668776397234,10,3.6524760235854696,450,0.8946129593824363,2.4403189284212297,0.7401442237051892,COMPLETE
119,0.2153168324753004,2025-10-23 20:22:26.895568,2025-10-23 20:22:28.676771,0 days 00:00:01.781203,0.7749557619082562,0.4134609677377813,0.023734324703369263,10,2.6567818605717877,450,1.2342149338103108,3.0666711261265744,0.735655083049626,COMPLETE
120,0.21086940725968017,2025-10-23 20:22:28.677193,2025-10-23 20:22:32.216995,0 days 00:00:03.539802,0.8180725029672072,0.05358009460695352,0.010632702165139538,10,2.25357341958214,450,0.4413320233930986,3.501256690759897,0.7255130400688906,COMPLETE
121,0.20137147353131438,2025-10-23 20:22:32.217421,2025-10-23 20:22:35.297522,0 days 00:00:03.080101,0.7616949385797861,0.08518367171984592,0.01992727424222072,10,3.81359067085453,450,0.03572279034185394,2.7354524822032396,0.6879927591681614,COMPLETE
122,0.20032937747952667,2025-10-23 20:22:35.297935,2025-10-23 20:22:38.723332,0 days 00:00:03.425397,0.7878005903332815,0.006192548532584788,0.019712962112340526,10,3.3428950596864744,450,0.18341005236886784,3.289736492754348,0.6879092769280938,COMPLETE
123,0.2012167204712903,2025-10-23 20:22:38.723755,2025-10-23 20:22:42.169107,0 days 00:00:03.445352,0.7656042797750121,0.0013670787954710856,0.020703574272196452,10,3.3355954558047056,450,0.16763167416847108,3.2304388535874105,0.6880979606693346,COMPLETE
124,0.20508745263094996,2025-10-23 20:22:42.169535,2025-10-23 20:22:45.441136,0 days 00:00:03.271601,0.7630356833121446,0.01504352522147714,0.01748363150260754,10,3.2977928612253518,450,0.5926504559205075,3.319563575632582,0.6708693589263727,COMPLETE
125,0.21422389517461493,2025-10-23 20:22:45.441556,2025-10-23 20:22:47.716756,0 days 00:00:02.275200,0.7611514861006605,0.34711309865253126,0.017695320837042408,10,3.317724417545774,450,0.6697113537797399,3.2503725325811947,0.6702269447333855,COMPLETE
126,0.20653627713954278,2025-10-23 20:22:47.717170,2025-10-23 20:22:49.770991,0 days 00:00:02.053821,0.8075465556110534,0.20584298517957345,0.027079273801185282,10,3.5756888325397127,450,0.5582044569386068,2.9717686159672385,0.6781466362746258,COMPLETE
127,0.20161652728061452,2025-10-23 20:22:49.771440,2025-10-23 20:22:53.113495,0 days 00:00:03.342055,0.7888551949901428,0.009430600142618019,0.02213269012648537,10,3.7737927503481954,450,0.020972527429755153,3.832165604263235,0.6344054580677475,COMPLETE
128,0.20548159555523954,2025-10-23 20:22:53.113905,2025-10-23 20:22:55.985869,0 days 00:00:02.871964,0.7239674274257415,0.08901865340237318,0.022855493836522186,10,3.969493171136751,450,0.05199682369221371,3.8951724600868785,0.6230755945553491,COMPLETE
129,0.21059774481395957,2025-10-23 20:22:55.986283,2025-10-23 20:22:58.464754,0 days 00:00:02.478471,0.7240132113236427,0.07477184747064552,0.02136243038243835,9,3.8070374755811986,450,0.02474319511168372,3.847363540578468,0.6352187713401247,COMPLETE
130,0.3046507813262875,2025-10-23 20:22:58.465174,2025-10-23 20:22:59.353992,0 days 00:00:00.888818,0.7605543248063452,0.32350004298498014,0.024328363694065835,3,3.0962382939661235,500,1.39751926631322,3.517719262427351,0.5958037571720436,COMPLETE
131,0.21275931867380757,2025-10-23 20:22:59.354413,2025-10-23 20:23:01.771731,0 days 00:00:02.417318,0.7381673762727144,0.22144367199935405,0.01922404822290165,10,3.933122659241535,450,0.40084578993731107,4.558545128548184,0.593916852893229,COMPLETE
132,0.22962282399043088,2025-10-23 20:23:01.772151,2025-10-23 20:23:03.987291,0 days 00:00:02.215140,0.7679425646815716,0.10282182827316497,0.029250182713663826,10,2.787507585523684,450,8.793576124788382,3.716091463173031,0.6874650130970725,COMPLETE
133,0.2093233585724758,2025-10-23 20:23:03.987708,2025-10-23 20:23:06.182301,0 days 00:00:02.194593,0.7870144453467653,0.21137096588058918,0.023000254180135824,10,3.5060763548538496,450,0.3997525422111794,4.346619433768574,0.6183972297361108,COMPLETE
134,0.20395841552400215,2025-10-23 20:23:06.182725,2025-10-23 20:23:08.856992,0 days 00:00:02.674267,0.757436774592124,0.08407860990802575,0.02616607903876851,10,3.664051377967306,450,0.7982324708467463,2.9435548228170485,0.6515105979459467,COMPLETE
135,0.21962509355505055,2025-10-23 20:23:08.857419,2025-10-23 20:23:10.504318,0 days 00:00:01.646899,0.7589291296549402,0.44743600069403594,0.025630541229400835,10,3.0426604232697168,450,0.925216571532965,3.880122263374153,0.639431745670949,COMPLETE
136,0.19717935998743497,2025-10-23 20:23:10.504738,2025-10-23 20:23:14.179218,0 days 00:00:03.674480,0.8026658144027513,0.003735008636725906,0.03158526935259569,10,3.8106849858052514,500,0.5328356052206293,3.1625279574940595,0.6488445613740134,COMPLETE
137,0.20907512370088452,2025-10-23 20:23:14.179654,2025-10-23 20:23:16.549519,0 days 00:00:02.369865,0.741811471425594,0.08521475428995386,0.03441084526486687,9,3.752792933417169,500,1.0970050224837664,2.499475681220894,0.6463675571125229,COMPLETE
138,0.21740638694194095,2025-10-23 20:23:16.549945,2025-10-23 20:23:18.186841,0 days 00:00:01.636896,0.7997360861021843,0.34855007623181494,0.03185707953282344,10,3.945149303342923,500,0.5914777448375819,9.529298829240854,0.6607205125872018,COMPLETE
139,0.20601297471587937,2025-10-23 20:23:18.187281,2025-10-23 20:23:20.251486,0 days 00:00:02.064205,0.8316927706951683,0.20030424545022033,0.029076695618454038,10,3.6633912648952824,500,0.8238904874704958,3.0744715737663784,0.6169484836814244,COMPLETE
140,0.2035622201103041,2025-10-23 20:23:20.251912,2025-10-23 20:23:23.638882,0 days 00:00:03.386970,0.7678941063051161,0.0001279511098061549,0.02078860995012594,10,3.417856582143873,450,0.5800887812544919,3.4440989548136938,0.6723601388061248,COMPLETE
141,0.2062699337198546,2025-10-23 20:23:23.639296,2025-10-23 20:23:26.248404,0 days 00:00:02.609108,0.7661410709656071,0.13560373178828855,0.021108272466449796,10,3.454024149076444,450,0.5892712727459024,3.444723392399033,0.672039794111515,COMPLETE
142,0.21106953374005472,2025-10-23 20:23:26.248820,2025-10-23 20:23:29.029558,0 days 00:00:02.780738,0.5984271991411761,0.07466104508439073,0.02649825610561758,10,4.024579561314179,450,0.29468966094765126,2.8969878481193927,0.6421635994261976,COMPLETE
143,0.24969976994202525,2025-10-23 20:23:29.029978,2025-10-23 20:23:30.386502,0 days 00:00:01.356524,0.7297907610110208,2.3120332694691865,0.019663809297342565,10,3.725225905654076,450,0.7746878415252263,3.191503281232466,0.653631959543247,COMPLETE
144,0.20727841001003125,2025-10-23 20:23:30.386932,2025-10-23 20:23:32.431200,0 days 00:00:02.044268,0.7511007901240567,0.27446773092499044,0.023840076929540325,10,2.4632692327038654,500,1.5061161337891205e-05,2.6273817201612135,0.6893859255785221,COMPLETE
145,0.20332355148564463,2025-10-23 20:23:32.431630,2025-10-23 20:23:35.046966,0 days 00:00:02.615336,0.7771550072636452,0.0022041122136714866,0.03192128892192921,9,3.369757221452206,450,0.36839809531296075,3.5054725335418837,0.6749539384046831,COMPLETE
146,0.1979775376992654,2025-10-23 20:23:35.047375,2025-10-23 20:23:38.208246,0 days 00:00:03.160871,0.8081818545939717,0.028148288790141536,0.029946963879179198,10,3.3777724225525247,450,0.47568449219989994,3.659374830768682,0.667287721111703,COMPLETE
147,0.2004931676448464,2025-10-23 20:23:38.208659,2025-10-23 20:23:41.444955,0 days 00:00:03.236296,0.8156162892562941,0.0038961467113324123,0.030911460399969476,10,3.4106101943852223,450,1.0603294788252426,3.6538727589890536,0.6668977191085872,COMPLETE
148,0.20498361680519916,2025-10-23 20:23:41.445381,2025-10-23 20:23:44.462250,0 days 00:00:03.016869,0.8127239955216439,0.010093142306657824,0.030306406249777845,10,3.3751908225474483,450,2.225626802084321,3.5947320482515046,0.6729557888482517,COMPLETE
149,0.21079144896426713,2025-10-23 20:23:44.462682,2025-10-23 20:23:46.371194,0 days 00:00:01.908512,0.809656285321086,0.20021762773839297,0.03225481205549133,10,2.7090422764862527,500,1.8370967383016221,3.698223762921061,0.6492162940675157,COMPLETE
150,0.20727380003841178,2025-10-23 20:23:46.371622,2025-10-23 20:23:48.934566,0 days 00:00:02.562944,0.8201614639789807,0.006630328457719424,0.03003448598939258,9,3.056778938248224,450,1.4956482322754718,4.265235448358196,0.6786785580086487,COMPLETE
151,0.20560809186217177,2025-10-23 20:23:48.934995,2025-10-23 20:23:51.899895,0 days 00:00:02.964900,0.825214337960629,0.021768614760884764,0.026398541419385663,10,3.33957715048932,450,2.241904600735256,3.5640854060407032,0.665000655402879,COMPLETE
152,0.25642844244152607,2025-10-23 20:23:51.900365,2025-10-23 20:23:52.777591,0 days 00:00:00.877226,0.801551844697006,3.398009748936945,0.04053557474186667,10,3.3338994770161987,450,1.185197375012546,3.4064720765391145,0.6601937591380792,COMPLETE
153,0.21151915464001564,2025-10-23 20:23:52.778004,2025-10-23 20:23:54.294132,0 days 00:00:01.516128,0.8421302285068009,0.3182051664460844,0.03519994808482346,10,2.9454114711194292,450,0.91529536949902,3.1667697003116735,0.6857646148415041,COMPLETE
154,0.29077325239052376,2025-10-23 20:23:54.294553,2025-10-23 20:23:55.148475,0 days 00:00:00.853922,0.8151861894056048,2.6333769292627944,0.028391166246581626,4,3.5033032415574326,450,0.6159107475853962,4.034649550975192,0.6751274118476249,COMPLETE
155,0.20519946913446016,2025-10-23 20:23:55.148885,2025-10-23 20:23:58.351610,0 days 00:00:03.202725,0.7785591752446064,0.014133568771193239,0.020173657270636452,10,3.2644600419821983,450,1.1169442334801594,3.6535288577730585,0.665500393298639,COMPLETE
156,0.20565236847209453,2025-10-23 20:23:58.352037,2025-10-23 20:24:00.660518,0 days 00:00:02.308481,0.7913245595623998,0.18887898811266346,0.022169578400600392,10,3.6159371849427697,450,0.4519384376206475,2.7572535846466284,0.6875315449573712,COMPLETE
157,0.1984956933846753,2025-10-23 20:24:00.660941,2025-10-23 20:24:04.376169,0 days 00:00:03.715228,0.8045231118647399,0.002507313117675186,0.025108968469222743,10,3.166783341441623,500,0.7992018554282054,3.0627460765379158,0.6985809383003467,COMPLETE
158,0.25813725276157684,2025-10-23 20:24:04.376595,2025-10-23 20:24:05.619006,0 days 00:00:01.242411,0.8390781263402189,0.19267265073020384,0.03188513821575233,5,3.125915760681155,500,0.8354762355040924,3.0091763038513366,0.6975954101533645,COMPLETE
159,0.21847307182973236,2025-10-23 20:24:05.619426,2025-10-23 20:24:07.564522,0 days 00:00:01.945096,0.799075775575709,0.29159530708485853,0.02495372919365128,10,2.5556902655074496,500,2.4825266841880156,3.5389360829268517,0.6968002426806374,COMPLETE
160,0.210447032589632,2025-10-23 20:24:07.564951,2025-10-23 20:24:09.639130,0 days 00:00:02.074179,0.6142858692427796,0.11485922314597695,0.0414331841721262,10,2.7703372353104583,500,0.2788726223284008,3.7991634527067855,0.6475444460453736,COMPLETE
161,0.2017408121928758,2025-10-23 20:24:09.639556,2025-10-23 20:24:12.958836,0 days 00:00:03.319280,0.8100463302707696,0.014536577728741798,0.0188913954182762,10,3.4101683902985798,450,0.5634573188222487,3.2979382697286934,0.6756663257770739,COMPLETE
162,0.19813133297314384,2025-10-23 20:24:12.959250,2025-10-23 20:24:16.614568,0 days 00:00:03.655318,0.8121443033581491,0.009641175165580995,0.025855613924704094,10,3.711198098341269,500,0.45089219133721,3.1368824648126465,0.6784191014199528,COMPLETE
163,0.2018712396094321,2025-10-23 20:24:16.614990,2025-10-23 20:24:19.538652,0 days 00:00:02.923662,0.8041851407421203,0.12387685756505798,0.019220311754678063,10,3.779263555669175,500,0.4111563048727062,3.063137789089349,0.6826342525394463,COMPLETE
164,0.20287569959852458,2025-10-23 20:24:19.539065,2025-10-23 20:24:22.646941,0 days 00:00:03.107876,0.8300094108621243,0.09649157671941497,0.018892125034352603,10,3.76792061206198,500,1.0225118430452942,3.0544271235105116,0.6605963554910583,COMPLETE
165,0.20451298000430215,2025-10-23 20:24:22.647363,2025-10-23 20:24:25.414260,0 days 00:00:02.766897,0.8536997739892209,0.14886059985222294,0.019831010648588717,10,3.8507786800573003,500,1.0426686196857415,3.156760437390816,0.6825661939158161,COMPLETE
166,0.19770198187425606,2025-10-23 20:24:25.414687,2025-10-23 20:24:29.228641,0 days 00:00:03.813954,0.8359297561504432,0.004767823678763129,0.018166118274029086,10,3.512198742143522,500,0.4175037913905837,2.5680866590400253,0.6953113632294412,COMPLETE
167,0.2004942731895602,2025-10-23 20:24:29.229067,2025-10-23 20:24:32.982354,0 days 00:00:03.753287,0.8345088539627927,0.00862802755267419,0.016698224381661422,10,3.5055925336285005,500,0.46385737369516034,3.218448905225979,0.6611721553066106,COMPLETE
168,0.2024691704841224,2025-10-23 20:24:32.982776,2025-10-23 20:24:36.631288,0 days 00:00:03.648512,0.8344173317823236,0.00048074056934624626,0.02051555031214305,10,3.558846871280024,500,1.3361541083481527,2.7236728825522047,0.633074993662839,COMPLETE
169,0.21442966437081667,2025-10-23 20:24:36.631731,2025-10-23 20:24:38.714484,0 days 00:00:02.082753,0.8309540012133725,0.35272585674488116,0.021889570016381265,10,3.5971069281948047,500,1.3404022923859722,2.707183191662839,0.6602799263841994,COMPLETE
170,0.20703471378811672,2025-10-23 20:24:38.714908,2025-10-23 20:24:42.313683,0 days 00:00:03.598775,0.8470816948092205,0.003434455342184055,0.016216172012354355,10,3.7696181075066812,500,1.737967682054109,2.790886157134077,0.6296166633654378,COMPLETE
171,0.20333223591929175,2025-10-23 20:24:42.314097,2025-10-23 20:24:45.365834,0 days 00:00:03.051737,0.8276894006394884,0.11561346268292862,0.019083542400281654,10,3.4717311260010284,500,0.4776410385061096,3.364772835710727,0.6361990766165806,COMPLETE
172,0.20439501934111703,2025-10-23 20:24:45.366257,2025-10-23 20:24:48.309751,0 days 00:00:02.943494,0.8352694281658333,0.12218866391707515,0.020136339747776066,10,3.5097893541741905,500,1.034578913605222,2.991709498477935,0.6378802806835749,COMPLETE
173,0.20516023354537866,2025-10-23 20:24:48.310179,2025-10-23 20:24:51.198305,0 days 00:00:02.888126,0.8248734907460396,0.15238915835692807,0.018239868156476168,10,3.815088557066027,500,0.4407992091911145,3.320145345929568,0.6056929214273579,COMPLETE
174,0.20869417630518483,2025-10-23 20:24:51.198727,2025-10-23 20:24:53.349674,0 days 00:00:02.150947,0.8227201920228076,0.26352069708445774,0.02284471365446387,10,4.388079817352887,500,0.7458914605458156,2.6330502418854036,0.6609367104163687,COMPLETE
175,0.20910267734640153,2025-10-23 20:24:53.350102,2025-10-23 20:24:56.648655,0 days 00:00:03.298553,0.8098833664177755,0.11135593331107504,0.012753551362063104,10,4.069251954475472,500,1.2146552180571561,2.3230730314827905,0.6905607758044391,COMPLETE
176,0.19944326054362765,2025-10-23 20:24:56.649075,2025-10-23 20:24:59.420698,0 days 00:00:02.771623,0.8376138944141713,0.0871572535909231,0.027195070001496412,10,3.5898574978165776,500,0.39439442790786805,3.1991775691290973,0.6437987976832368,COMPLETE
177,0.23704913000867647,2025-10-23 20:24:59.421129,2025-10-23 20:25:00.515403,0 days 00:00:01.094274,0.8552698251168024,1.8358211073435335,0.03494837768276532,10,3.683464972786966,500,0.30051598376134925,3.0729989036523886,0.6794396750174053,COMPLETE
178,0.19756464437439072,2025-10-23 20:25:00.515823,2025-10-23 20:25:04.226891,0 days 00:00:03.711068,0.844985196425226,0.007578767917369179,0.027577142500485284,10,3.867865324716216,500,0.704618284592202,3.2094867186257288,0.6481359624095757,COMPLETE
179,0.20883443391163103,2025-10-23 20:25:04.227320,2025-10-23 20:25:06.131258,0 days 00:00:01.903938,0.8450902079605676,0.26263157267276205,0.027685545948225698,10,4.020017358613913,500,0.9296153770880308,2.87810910186,0.6414616263952814,COMPLETE
180,0.21182932236134597,2025-10-23 20:25:06.131687,2025-10-23 20:25:07.959819,0 days 00:00:01.828132,0.8686368711999057,0.3995697059907214,0.025222780812127713,10,3.845576293203573,500,0.7503715109776192,2.4362883383085068,0.6280183728258117,COMPLETE
181,0.19668438705996816,2025-10-23 20:25:07.960248,2025-10-23 20:25:11.576528,0 days 00:00:03.616280,0.837234744105916,0.017908547489167377,0.02999294257061574,10,3.170734226060747,500,0.4092962185910813,3.11581828954837,0.6527045362739878,COMPLETE
182,0.19840126044602188,2025-10-23 20:25:11.576935,2025-10-23 20:25:15.414474,0 days 00:00:03.837539,0.8375990214593244,8.887103266905054e-05,0.022896321433362406,10,3.1298272215496916,500,0.6417503246934283,3.1657214169354155,0.6541634289435042,COMPLETE
183,0.24154570357047708,2025-10-23 20:25:15.414900,2025-10-23 20:25:16.924708,0 days 00:00:01.509808,0.8355511940524326,0.09883849750419223,0.02765271073460942,6,3.5672941031260916,500,0.5970219075059895,3.231232633841315,0.6541647579412359,COMPLETE
184,0.2058813803563667,2025-10-23 20:25:16.925143,2025-10-23 20:25:19.851296,0 days 00:00:02.926153,0.8488071898855104,0.18765993188851227,0.01603504601693611,10,3.185465361561822,500,0.6952290608541758,2.781294234756657,0.6455643625299192,COMPLETE
185,0.19880222271747883,2025-10-23 20:25:19.851710,2025-10-23 20:25:22.174537,0 days 00:00:02.322827,0.8391122459180536,0.08964897193078128,0.036323542851833354,10,3.745354562451982,500,0.26179670157413104,3.2394101179006047,0.660636708392589,COMPLETE
186,0.19562571207044882,2025-10-23 20:25:22.174952,2025-10-23 20:25:25.970405,0 days 00:00:03.795453,0.8394753774910583,0.0010199460546843637,0.035497325208145046,10,3.087823328499267,500,0.2171674795368243,3.279415600363361,0.6182645404943953,COMPLETE
187,0.20523640110684244,2025-10-23 20:25:25.970825,2025-10-23 20:25:27.385237,0 days 00:00:01.414412,0.8597389370024796,0.20165172512432294,0.05382188161982867,10,3.127655019032891,500,0.2748259594378447,3.3132695478842376,0.6114363058576348,COMPLETE
188,0.20911381180186636,2025-10-23 20:25:27.385651,2025-10-23 20:25:28.914087,0 days 00:00:01.528436,0.8170145958813679,0.2918805839423153,0.03773503121969182,10,4.19908003583698,500,0.2645440968518792,3.238025316027231,0.6512589888170518,COMPLETE
189,0.19588411607811768,2025-10-23 20:25:28.914519,2025-10-23 20:25:32.766496,0 days 00:00:03.851977,0.8415327864730431,0.0012915579363568111,0.046346822526072105,10,3.180135072213229,500,0.4285436116466178,3.153190748583796,0.6655206951238863,COMPLETE
190,0.1963988324587812,2025-10-23 20:25:32.766921,2025-10-23 20:25:36.630932,0 days 00:00:03.864011,0.8431418584683844,0.0011518462220688752,0.04581695468822449,10,2.9857676247446143,500,0.20578678181325694,3.7667062242703317,0.5952091583095007,COMPLETE
191,0.19932106606971944,2025-10-23 20:25:36.631355,2025-10-23 20:25:38.772594,0 days 00:00:02.141239,0.8447283099097886,0.080722978050091,0.047618582527052665,10,2.9956766498662564,500,0.248804910009647,3.7220571572570162,0.6201013129576615,COMPLETE
192,0.19541350613934522,2025-10-23 20:25:38.773012,2025-10-23 20:25:42.643859,0 days 00:00:03.870847,0.8438818609935257,0.002363337572098667,0.04708941490274074,10,2.979860016853774,500,0.1972571625407096,3.8683909189674197,0.621783019496804,COMPLETE
193,0.20085051711027524,2025-10-23 20:25:42.644281,2025-10-23 20:25:44.714604,0 days 00:00:02.070323,0.8653730597858234,0.09925948864748352,0.04810293654955796,10,2.8125236474805066,500,0.22753635374551792,3.867433180938321,0.5723306856475389,COMPLETE
194,0.20539803756739353,2025-10-23 20:25:44.715011,2025-10-23 20:25:46.307045,0 days 00:00:01.592034,0.8760159524215473,0.18035994990873105,0.049054910247229244,10,2.7058531578383946,500,0.22643516196475022,3.971450715220204,0.5750067821547138,COMPLETE
195,0.20181984847823223,2025-10-23 20:25:46.307471,2025-10-23 20:25:48.503602,0 days 00:00:02.196131,0.857523149539899,0.09767574379720574,0.045652927048869134,10,2.8038525387672553,500,0.43232107634685557,3.750304687323925,0.5640936725987139,COMPLETE
196,0.20627937902380208,2025-10-23 20:25:48.504047,2025-10-23 20:25:49.911372,0 days 00:00:01.407325,0.8426503853535698,0.19265496863474055,0.05813226540974025,10,2.993492740209733,500,0.2457346499178819,3.519706815435395,0.5934115300152659,COMPLETE
197,0.1994354714792843,2025-10-23 20:25:49.911778,2025-10-23 20:25:53.736716,0 days 00:00:03.824938,0.8688128084343414,0.0038375854207280914,0.04734665371228122,10,2.370995327049905,500,0.601442316091483,4.14689255443826,0.5452916136715359,COMPLETE
198,0.20405335290454046,2025-10-23 20:25:53.737139,2025-10-23 20:25:55.757253,0 days 00:00:02.020114,0.8923232817748783,0.10727703125537799,0.053064289554803065,10,1.9875428245443418,500,0.6717952638630501,4.097668031969229,0.543006755082263,COMPLETE
199,0.21048463669412976,2025-10-23 20:25:55.757673,2025-10-23 20:25:57.395258,0 days 00:00:01.637585,0.8619929842907064,0.26698037991037793,0.03822004482573317,10,2.330650306592325,500,0.49995293239008015,7.864985147987454,0.5826094933263916,COMPLETE
