number,value,datetime_start,datetime_complete,duration,params_attention_dropout,params_attention_heads,params_batch_size,params_embedding_size,params_ff_dropout,params_learning_rate,params_transformer_depth,state
0,inf,2025-10-16 22:20:13.044091,2025-10-16 22:20:13.045192,0 days 00:00:00.001101,0.14010687511125092,8,128,16,0.24175958754482296,1.0793864615704983e-05,6,COMPLETE
1,inf,2025-10-16 22:20:13.045644,2025-10-16 22:20:13.045928,0 days 00:00:00.000284,0.3595827235216239,8,64,32,0.09075364904823996,0.00011396736344168276,6,COMPLETE
2,inf,2025-10-16 22:20:13.046204,2025-10-16 22:20:13.046400,0 days 00:00:00.000196,0.2374154676290134,16,64,16,0.29009407011131594,0.0010293809867019121,2,COMPLETE
3,inf,2025-10-16 22:20:13.046648,2025-10-16 22:20:13.046832,0 days 00:00:00.000184,0.14896315503808216,16,64,128,0.22784703113316668,0.0002441621740568693,4,COMPLETE
4,inf,2025-10-16 22:20:13.047067,2025-10-16 22:20:13.047253,0 days 00:00:00.000186,0.046494013344123564,8,512,128,0.4138463502014367,0.00035640245289749356,3,COMPLETE
5,inf,2025-10-16 22:20:13.047488,2025-10-16 22:20:13.047660,0 days 00:00:00.000172,0.22102172628098105,16,512,64,0.24080078726455695,7.560760723297923e-05,6,COMPLETE
6,inf,2025-10-16 22:20:13.047896,2025-10-16 22:20:13.048070,0 days 00:00:00.000174,0.0040663220821146595,16,64,32,0.010517667440293033,0.0012881282511444298,3,COMPLETE
7,inf,2025-10-16 22:20:13.048371,2025-10-16 22:20:13.048682,0 days 00:00:00.000311,0.38737474220530466,4,128,32,0.09820476584663618,0.0002076645604923434,8,COMPLETE
8,inf,2025-10-16 22:20:13.048966,2025-10-16 22:20:13.049172,0 days 00:00:00.000206,0.4585623453290148,16,512,64,0.15828717027358885,0.0019157980442387269,4,COMPLETE
9,inf,2025-10-16 22:20:13.049406,2025-10-16 22:20:13.049589,0 days 00:00:00.000183,0.24094287541214493,2,512,32,0.38017762508534936,5.5886246621979145e-05,2,COMPLETE
10,inf,2025-10-16 22:20:13.049823,2025-10-16 22:20:13.052800,0 days 00:00:00.002977,0.10285159663214705,8,128,16,0.3269570359022971,1.2249772105129671e-05,8,COMPLETE
11,inf,2025-10-16 22:20:13.053123,2025-10-16 22:20:13.055832,0 days 00:00:00.002709,0.35353559216086755,8,256,16,0.10049924574718501,0.008492694862658044,6,COMPLETE
12,inf,2025-10-16 22:20:13.056155,2025-10-16 22:20:13.058224,0 days 00:00:00.002069,0.34388489305503145,8,128,32,0.49193557709542773,1.6375684318215864e-05,6,COMPLETE
13,inf,2025-10-16 22:20:13.058479,2025-10-16 22:20:13.061474,0 days 00:00:00.002995,0.16104383856652038,8,256,16,0.00668277939797933,3.6908467682884126e-05,7,COMPLETE
14,inf,2025-10-16 22:20:13.061797,2025-10-16 22:20:13.063964,0 days 00:00:00.002167,0.48035127944085326,2,64,16,0.1582276834732319,2.8115475966344006e-05,5,COMPLETE
15,inf,2025-10-16 22:20:13.064260,2025-10-16 22:20:13.066196,0 days 00:00:00.001936,0.29932294005205806,4,128,32,0.1745879383084069,0.0001086427724463682,7,COMPLETE
16,inf,2025-10-16 22:20:13.066502,2025-10-16 22:20:13.068970,0 days 00:00:00.002468,0.42257541631852225,8,64,64,0.08072638757597742,1.0296177929319901e-05,5,COMPLETE
17,inf,2025-10-16 22:20:13.069257,2025-10-16 22:20:13.071322,0 days 00:00:00.002065,0.2916184852392192,8,128,128,0.2107518995704317,0.0005192588734816635,7,COMPLETE
18,inf,2025-10-16 22:20:13.071633,2025-10-16 22:20:13.073644,0 days 00:00:00.002011,0.17241567812774555,8,256,32,0.2913810136466378,0.0058845253681796645,6,COMPLETE
19,inf,2025-10-16 22:20:13.073898,2025-10-16 22:20:13.075986,0 days 00:00:00.002088,0.09035517018928524,4,64,16,0.06062842964774319,3.065872546571963e-05,4,COMPLETE
20,inf,2025-10-16 22:20:13.076305,2025-10-16 22:20:13.078372,0 days 00:00:00.002067,0.304307028988827,2,128,16,0.3602397888439222,0.00012066268550987657,5,COMPLETE
21,inf,2025-10-16 22:20:13.078664,2025-10-16 22:20:13.080672,0 days 00:00:00.002008,0.2112351317633492,16,64,16,0.28644428490271084,0.001304124509128267,2,COMPLETE
22,inf,2025-10-16 22:20:13.080908,2025-10-16 22:20:13.082892,0 days 00:00:00.001984,0.26532234445167424,16,64,16,0.28594068344579976,0.0026333402733676394,7,COMPLETE
23,inf,2025-10-16 22:20:13.083135,2025-10-16 22:20:13.085386,0 days 00:00:00.002251,0.11233665103552777,8,64,16,0.44964002653988694,0.0007825547076750414,3,COMPLETE
24,inf,2025-10-16 22:20:13.085668,2025-10-16 22:20:13.087773,0 days 00:00:00.002105,0.19731297842714088,8,64,16,0.1958174083842409,0.000629174502881809,6,COMPLETE
25,inf,2025-10-16 22:20:13.088027,2025-10-16 22:20:13.090026,0 days 00:00:00.001999,0.3727963946085229,16,64,32,0.12868329489068578,0.0034712543797731903,5,COMPLETE
26,inf,2025-10-16 22:20:13.090273,2025-10-16 22:20:13.092269,0 days 00:00:00.001996,0.24862723715929785,2,128,128,0.32974709248481854,0.00019676533674409846,4,COMPLETE
27,inf,2025-10-16 22:20:13.092796,2025-10-16 22:20:13.094942,0 days 00:00:00.002146,0.13448884255131477,4,256,64,0.2714317698959604,2.1298521460761102e-05,5,COMPLETE
28,inf,2025-10-16 22:20:13.095202,2025-10-16 22:20:13.097216,0 days 00:00:00.002014,0.0556630182548023,8,64,16,0.04163172392997754,5.4116264286188076e-05,7,COMPLETE
29,inf,2025-10-16 22:20:13.097463,2025-10-16 22:20:13.099522,0 days 00:00:00.002059,0.33011584751485357,16,64,128,0.23717755463275267,0.0004073550745258493,6,COMPLETE
30,inf,2025-10-16 22:20:13.099765,2025-10-16 22:20:13.101895,0 days 00:00:00.002130,0.4307789014896911,16,128,32,0.34053714672435864,0.001031672565513373,2,COMPLETE
31,inf,2025-10-16 22:20:13.102131,2025-10-16 22:20:13.104172,0 days 00:00:00.002041,0.1622588987765636,16,64,128,0.21711047687446922,0.00026765798332405166,3,COMPLETE
32,inf,2025-10-16 22:20:13.104409,2025-10-16 22:20:13.106412,0 days 00:00:00.002003,0.18968240797099695,16,512,128,0.3915358350612903,0.00012871013911087558,4,COMPLETE
33,inf,2025-10-16 22:20:13.106645,2025-10-16 22:20:13.108698,0 days 00:00:00.002053,0.054182846660784295,16,64,128,0.254250882115326,0.0003267884890144114,3,COMPLETE
34,inf,2025-10-16 22:20:13.108930,2025-10-16 22:20:13.111588,0 days 00:00:00.002658,0.1367019175028838,16,64,128,0.12477699579496818,0.00017090521178828163,4,COMPLETE
35,inf,2025-10-16 22:20:13.111878,2025-10-16 22:20:13.114042,0 days 00:00:00.002164,0.01720638799529281,8,512,64,0.306929728298831,7.255617117427961e-05,2,COMPLETE
36,inf,2025-10-16 22:20:13.114353,2025-10-16 22:20:13.116573,0 days 00:00:00.002220,0.2338261064546101,16,64,32,0.24305990574210679,0.0004344565835169052,6,COMPLETE
37,inf,2025-10-16 22:20:13.116890,2025-10-16 22:20:13.119168,0 days 00:00:00.002278,0.26548440044731725,4,64,128,0.4149539331957349,0.0019221696898436822,5,COMPLETE
38,inf,2025-10-16 22:20:13.119405,2025-10-16 22:20:13.121501,0 days 00:00:00.002096,0.0824958618174437,8,512,16,0.16786290662119635,0.0008635237716461293,3,COMPLETE
39,inf,2025-10-16 22:20:13.121731,2025-10-16 22:20:13.123850,0 days 00:00:00.002119,0.13217771206143014,16,128,32,0.19182868038839482,0.0002630993051979809,8,COMPLETE
40,inf,2025-10-16 22:20:13.124086,2025-10-16 22:20:13.126434,0 days 00:00:00.002348,0.2188444332716992,2,256,64,0.1313716627513842,4.7148662657227196e-05,6,COMPLETE
41,inf,2025-10-16 22:20:13.126717,2025-10-16 22:20:13.128864,0 days 00:00:00.002147,0.00028534959160639306,8,512,128,0.4360043259032829,7.456463335409242e-05,3,COMPLETE
42,inf,2025-10-16 22:20:13.129107,2025-10-16 22:20:13.131224,0 days 00:00:00.002117,0.04579564182593614,8,512,128,0.4751577093197553,0.001507983365174517,2,COMPLETE
43,inf,2025-10-16 22:20:13.131458,2025-10-16 22:20:13.133865,0 days 00:00:00.002407,0.4043123921103544,8,512,128,0.3502920356602133,0.0001660440804612647,2,COMPLETE
44,inf,2025-10-16 22:20:13.134122,2025-10-16 22:20:13.136202,0 days 00:00:00.002080,0.49942189127108005,8,512,16,0.3843572218369793,1.6824254731098184e-05,3,COMPLETE
45,inf,2025-10-16 22:20:13.136437,2025-10-16 22:20:13.138565,0 days 00:00:00.002128,0.025495438616154345,8,128,32,0.03507175489438277,0.00033937579237973355,4,COMPLETE
46,inf,2025-10-16 22:20:13.138800,2025-10-16 22:20:13.140965,0 days 00:00:00.002165,0.07411389383741412,8,64,128,0.22043301053125483,0.0005979422567316766,4,COMPLETE
47,inf,2025-10-16 22:20:13.141206,2025-10-16 22:20:13.143909,0 days 00:00:00.002703,0.11287948349190502,8,128,16,0.3157037937173439,8.843233760904853e-05,2,COMPLETE
48,inf,2025-10-16 22:20:13.144272,2025-10-16 22:20:13.146498,0 days 00:00:00.002226,0.1809026055676229,4,256,32,0.09252650252854316,0.00022761778199416064,3,COMPLETE
49,inf,2025-10-16 22:20:13.146749,2025-10-16 22:20:13.148973,0 days 00:00:00.002224,0.28103154181428563,2,64,16,0.2579446236051959,0.005718504296491823,5,COMPLETE
50,inf,2025-10-16 22:20:13.149219,2025-10-16 22:20:13.151618,0 days 00:00:00.002399,0.31471163242214634,16,512,64,0.15152289535005176,0.000921974148507229,7,COMPLETE
51,inf,2025-10-16 22:20:13.151904,2025-10-16 22:20:13.154205,0 days 00:00:00.002301,0.2136776199916026,16,512,64,0.19190511948674674,4.1547934276763586e-05,6,COMPLETE
52,inf,2025-10-16 22:20:13.154453,2025-10-16 22:20:13.156621,0 days 00:00:00.002168,0.15172862056643763,16,512,64,0.30324438493838934,0.00011914138050166426,6,COMPLETE
53,inf,2025-10-16 22:20:13.156849,2025-10-16 22:20:13.159307,0 days 00:00:00.002458,0.36431791143202136,16,512,64,0.2703007037162358,2.493617426155686e-05,6,COMPLETE
54,inf,2025-10-16 22:20:13.159565,2025-10-16 22:20:13.161741,0 days 00:00:00.002176,0.23081281026345368,8,128,16,0.36548815871191215,1.4140852427393e-05,5,COMPLETE
55,inf,2025-10-16 22:20:13.161976,2025-10-16 22:20:13.164194,0 days 00:00:00.002218,0.19271462668099137,16,64,32,0.2407773737567616,0.00015335655252603212,7,COMPLETE
56,inf,2025-10-16 22:20:13.164427,2025-10-16 22:20:13.166743,0 days 00:00:00.002316,0.26807976032679504,8,64,16,0.4123712996976683,9.500194751405628e-05,6,COMPLETE
57,inf,2025-10-16 22:20:13.167036,2025-10-16 22:20:13.169428,0 days 00:00:00.002392,0.34067163219581925,16,512,64,0.4930663289263652,1.0670251117830782e-05,5,COMPLETE
58,inf,2025-10-16 22:20:13.169677,2025-10-16 22:20:13.171888,0 days 00:00:00.002211,0.11177491174944493,4,128,128,0.2755545839774132,6.778305674309874e-05,7,COMPLETE
59,inf,2025-10-16 22:20:13.172117,2025-10-16 22:20:13.174316,0 days 00:00:00.002199,0.15481147566202305,2,64,16,0.21761240580279206,0.00045206619230793606,4,COMPLETE
60,inf,2025-10-16 22:20:13.174575,2025-10-16 22:20:13.177091,0 days 00:00:00.002516,0.24560096570629983,8,256,32,0.06466607813328401,0.0006680985521345067,5,COMPLETE
61,inf,2025-10-16 22:20:13.177352,2025-10-16 22:20:13.179583,0 days 00:00:00.002231,0.023833164976001617,16,64,32,0.04821384576689777,0.002155166135829083,3,COMPLETE
62,inf,2025-10-16 22:20:13.179839,2025-10-16 22:20:13.182050,0 days 00:00:00.002211,0.00042945639726385326,16,64,32,0.11431120366099101,0.0011771385747589365,8,COMPLETE
63,inf,2025-10-16 22:20:13.182284,2025-10-16 22:20:13.184958,0 days 00:00:00.002674,0.06779797250501916,16,64,32,0.00033522717920434104,0.002971739079514718,2,COMPLETE
64,inf,2025-10-16 22:20:13.185259,2025-10-16 22:20:13.187644,0 days 00:00:00.002385,0.09553023479529296,16,64,128,0.0316215595038715,0.0014216526124104032,3,COMPLETE
65,inf,2025-10-16 22:20:13.187892,2025-10-16 22:20:13.190230,0 days 00:00:00.002338,0.042182549296652536,16,64,32,0.019148942750445395,0.00023796629007809326,4,COMPLETE
66,inf,2025-10-16 22:20:13.190476,2025-10-16 22:20:13.193541,0 days 00:00:00.003065,0.4514365747643911,8,64,16,0.1505957685291463,3.261494167717678e-05,2,COMPLETE
67,inf,2025-10-16 22:20:13.193793,2025-10-16 22:20:13.196042,0 days 00:00:00.002249,0.17692134615302693,16,128,128,0.17645301719967119,0.00037007731146185887,3,COMPLETE
68,inf,2025-10-16 22:20:13.196280,2025-10-16 22:20:13.198541,0 days 00:00:00.002261,0.20531183870922826,16,512,64,0.23133023531546706,0.0005351187140220817,7,COMPLETE
69,inf,2025-10-16 22:20:13.198843,2025-10-16 22:20:13.201297,0 days 00:00:00.002454,0.2834851600027456,8,64,16,0.07259612145092134,0.0007542848188795617,6,COMPLETE
70,inf,2025-10-16 22:20:13.201554,2025-10-16 22:20:13.203840,0 days 00:00:00.002286,0.13591513917353082,4,64,32,0.20628784559508523,0.00029206663603147044,3,COMPLETE
71,inf,2025-10-16 22:20:13.204069,2025-10-16 22:20:13.206437,0 days 00:00:00.002368,0.3815445240578095,4,128,32,0.09579668086420426,0.00018876182336835352,8,COMPLETE
72,inf,2025-10-16 22:20:13.206672,2025-10-16 22:20:13.209254,0 days 00:00:00.002582,0.3953635336544249,4,128,32,0.11152455453686358,6.0943904163578205e-05,4,COMPLETE
73,inf,2025-10-16 22:20:13.209506,2025-10-16 22:20:13.211841,0 days 00:00:00.002335,0.3120301061770261,4,128,32,0.08542992813773335,0.00014853494419998035,8,COMPLETE
74,inf,2025-10-16 22:20:13.212075,2025-10-16 22:20:13.214346,0 days 00:00:00.002271,0.4254131143429637,2,128,128,0.25804401539086114,0.00020910122186216582,7,COMPLETE
75,inf,2025-10-16 22:20:13.214567,2025-10-16 22:20:13.217022,0 days 00:00:00.002455,0.22741785257292052,8,256,32,0.2964453735719456,9.851527821311708e-05,4,COMPLETE
76,inf,2025-10-16 22:20:13.217279,2025-10-16 22:20:13.219620,0 days 00:00:00.002341,0.4451740793750829,4,512,16,0.13553629068796721,0.0017279314430952513,3,COMPLETE
77,inf,2025-10-16 22:20:13.219836,2025-10-16 22:20:13.222227,0 days 00:00:00.002391,0.2568854903810467,16,128,128,0.17435502066247283,0.0001388662993674525,6,COMPLETE
78,inf,2025-10-16 22:20:13.222466,2025-10-16 22:20:13.224807,0 days 00:00:00.002341,0.03463716579844324,8,64,32,0.4655293381179032,0.004779072965110071,5,COMPLETE
79,inf,2025-10-16 22:20:13.225245,2025-10-16 22:20:13.227770,0 days 00:00:00.002525,0.01168989561761171,16,512,64,0.05074344246531198,0.0010381615425212078,2,COMPLETE
80,inf,2025-10-16 22:20:13.228028,2025-10-16 22:20:13.230445,0 days 00:00:00.002417,0.3268320885670854,8,64,16,0.3265705101457543,0.0004874682427259424,7,COMPLETE
81,inf,2025-10-16 22:20:13.230692,2025-10-16 22:20:13.233187,0 days 00:00:00.002495,0.4712256727133566,16,512,64,0.017240535964606677,0.0022362604341061264,4,COMPLETE
82,inf,2025-10-16 22:20:13.233449,2025-10-16 22:20:13.236020,0 days 00:00:00.002571,0.413441372576721,16,512,64,0.14253035931736113,0.003910826162918762,5,COMPLETE
83,inf,2025-10-16 22:20:13.236268,2025-10-16 22:20:13.238653,0 days 00:00:00.002385,0.4885072200159829,16,512,64,0.10918920186302732,0.0017043664475441364,6,COMPLETE
84,inf,2025-10-16 22:20:13.238886,2025-10-16 22:20:13.241248,0 days 00:00:00.002362,0.35792365192516945,16,512,64,0.23044042154588434,0.0012116135051043618,4,COMPLETE
85,inf,2025-10-16 22:20:13.241462,2025-10-16 22:20:13.244152,0 days 00:00:00.002690,0.39068752437310506,16,128,128,0.1616891099177837,0.009168928702187796,2,COMPLETE
86,inf,2025-10-16 22:20:13.244402,2025-10-16 22:20:13.246765,0 days 00:00:00.002363,0.29470670696197954,8,512,32,0.18489534203236468,2.088110248344807e-05,3,COMPLETE
87,inf,2025-10-16 22:20:13.247001,2025-10-16 22:20:13.249440,0 days 00:00:00.002439,0.06167217308545647,4,64,16,0.28215912948362915,5.048813556861946e-05,6,COMPLETE
88,inf,2025-10-16 22:20:13.249682,2025-10-16 22:20:13.252401,0 days 00:00:00.002719,0.45240875395238644,2,256,64,0.19781841893171145,0.00011166444009647153,4,COMPLETE
89,inf,2025-10-16 22:20:13.252706,2025-10-16 22:20:13.255151,0 days 00:00:00.002445,0.47128278057742967,16,64,128,0.2643939420825927,0.002654466893628637,5,COMPLETE
90,inf,2025-10-16 22:20:13.255405,2025-10-16 22:20:13.257980,0 days 00:00:00.002575,0.11847735747010513,8,128,32,0.20409579414358328,0.0002768080564134608,3,COMPLETE
91,inf,2025-10-16 22:20:13.258229,2025-10-16 22:20:13.261002,0 days 00:00:00.002773,0.24680913113014058,2,512,32,0.40524291593928363,8.233960283873234e-05,2,COMPLETE
92,inf,2025-10-16 22:20:13.261266,2025-10-16 22:20:13.263783,0 days 00:00:00.002517,0.16310921309352927,2,512,32,0.24784371841432423,0.00017275625595558684,2,COMPLETE
93,inf,2025-10-16 22:20:13.264024,2025-10-16 22:20:13.266589,0 days 00:00:00.002565,0.2818971471241039,2,512,32,0.4408772417094332,4.177853331767232e-05,2,COMPLETE
94,inf,2025-10-16 22:20:13.266886,2025-10-16 22:20:13.269616,0 days 00:00:00.002730,0.22392026199117654,2,512,16,0.38391120607529006,0.00012860614064260433,2,COMPLETE
95,inf,2025-10-16 22:20:13.269853,2025-10-16 22:20:13.272422,0 days 00:00:00.002569,0.20278866797578224,16,512,32,0.22548841404670847,0.00034239841696435876,3,COMPLETE
96,inf,2025-10-16 22:20:13.272699,2025-10-16 22:20:13.275870,0 days 00:00:00.003171,0.2399584063999966,8,64,128,0.08008339289898803,0.000401296609826221,6,COMPLETE
97,inf,2025-10-16 22:20:13.276187,2025-10-16 22:20:13.278896,0 days 00:00:00.002709,0.081777193855946,16,64,64,0.36713806780412916,5.818524569786658e-05,2,COMPLETE
98,inf,2025-10-16 22:20:13.279164,2025-10-16 22:20:13.281886,0 days 00:00:00.002722,0.2728326568172085,16,512,32,0.42732063975828405,7.403282850137224e-05,8,COMPLETE
99,inf,2025-10-16 22:20:13.282180,2025-10-16 22:20:13.285043,0 days 00:00:00.002863,0.19014310593022954,8,128,16,0.12277836767983913,0.00022025793761112108,5,COMPLETE
100,inf,2025-10-16 22:20:13.285353,2025-10-16 22:20:13.288017,0 days 00:00:00.002664,0.25692571629069993,4,64,128,0.3402279956030085,0.00010512377506905436,4,COMPLETE
101,inf,2025-10-16 22:20:13.288279,2025-10-16 22:20:13.290886,0 days 00:00:00.002607,0.09928230481939143,8,128,16,0.28715919639427023,1.1651430311769911e-05,8,COMPLETE
102,inf,2025-10-16 22:20:13.291169,2025-10-16 22:20:13.294264,0 days 00:00:00.003095,0.15140336772817417,8,128,16,0.31177122222400017,1.575984035302061e-05,7,COMPLETE
103,inf,2025-10-16 22:20:13.294568,2025-10-16 22:20:13.297178,0 days 00:00:00.002610,0.34504921484783124,8,128,16,0.3205777182010454,1.3187255868423741e-05,8,COMPLETE
104,inf,2025-10-16 22:20:13.297444,2025-10-16 22:20:13.300281,0 days 00:00:00.002837,0.1698727049953787,8,128,16,0.37941657194649236,2.5554673433771343e-05,8,COMPLETE
105,inf,2025-10-16 22:20:13.300588,2025-10-16 22:20:13.303189,0 days 00:00:00.002601,0.12390975776304979,16,512,32,0.34389675418566656,1.74981037841735e-05,3,COMPLETE
106,inf,2025-10-16 22:20:13.303437,2025-10-16 22:20:13.306085,0 days 00:00:00.002648,0.09924931232109369,8,256,16,0.40083748799696794,3.190384413383646e-05,7,COMPLETE
107,inf,2025-10-16 22:20:13.306342,2025-10-16 22:20:13.309177,0 days 00:00:00.002835,0.05087950795217776,2,64,64,0.29934056949710336,1.0132175694699157e-05,8,COMPLETE
108,inf,2025-10-16 22:20:13.309438,2025-10-16 22:20:13.312137,0 days 00:00:00.002699,0.03664561404092224,16,128,32,0.3534089680008066,2.1404760667627865e-05,4,COMPLETE
109,inf,2025-10-16 22:20:13.312380,2025-10-16 22:20:13.315010,0 days 00:00:00.002630,0.21579942854471862,8,64,128,0.2129191985569004,8.545298447108822e-05,6,COMPLETE
110,inf,2025-10-16 22:20:13.315243,2025-10-16 22:20:13.318088,0 days 00:00:00.002845,0.4355862730032044,4,512,16,0.41917455955586413,0.0007525487836000091,3,COMPLETE
111,inf,2025-10-16 22:20:13.318369,2025-10-16 22:20:13.321023,0 days 00:00:00.002654,0.3533957131095501,8,256,16,0.23691586702750858,0.0013841033426744461,6,COMPLETE
112,inf,2025-10-16 22:20:13.321264,2025-10-16 22:20:13.323892,0 days 00:00:00.002628,0.36972613564889434,8,256,16,0.06418489641928886,0.00921670387646048,6,COMPLETE
113,inf,2025-10-16 22:20:13.324138,2025-10-16 22:20:13.326945,0 days 00:00:00.002807,0.012791041948335418,8,256,16,0.09274792767090068,0.0010298311001107631,5,COMPLETE
114,inf,2025-10-16 22:20:13.327194,2025-10-16 22:20:13.329885,0 days 00:00:00.002691,0.14341561104208872,16,256,16,0.2653563019230579,0.007757002898063019,6,COMPLETE
115,inf,2025-10-16 22:20:13.330149,2025-10-16 22:20:13.332820,0 days 00:00:00.002671,0.32414370748052607,8,128,64,0.1042562088300601,0.0005780607136076853,5,COMPLETE
116,inf,2025-10-16 22:20:13.333078,2025-10-16 22:20:13.335891,0 days 00:00:00.002813,0.1846000947222886,16,64,32,0.12064329686980979,0.0035189652947972697,7,COMPLETE
117,inf,2025-10-16 22:20:13.336142,2025-10-16 22:20:13.338732,0 days 00:00:00.002590,0.37768871992278935,8,512,128,0.2558228949147792,0.004817958926406504,2,COMPLETE
118,inf,2025-10-16 22:20:13.338978,2025-10-16 22:20:13.341858,0 days 00:00:00.002880,0.30342989383248486,16,64,32,0.05416220807731887,0.0002584623618287779,6,COMPLETE
119,inf,2025-10-16 22:20:13.342136,2025-10-16 22:20:13.344847,0 days 00:00:00.002711,0.40982033293447834,8,128,16,0.13742370803257403,0.00031788128255354865,3,COMPLETE
120,inf,2025-10-16 22:20:13.345088,2025-10-16 22:20:13.347819,0 days 00:00:00.002731,0.08342551318311105,4,512,64,0.029101529313232562,0.00016885798334306148,6,COMPLETE
121,inf,2025-10-16 22:20:13.348072,2025-10-16 22:20:13.351030,0 days 00:00:00.002958,0.3415913267102884,8,128,32,0.4989759402398616,1.2042751412039145e-05,6,COMPLETE
122,inf,2025-10-16 22:20:13.351327,2025-10-16 22:20:13.354145,0 days 00:00:00.002818,0.3831027793390214,8,128,32,0.4756892824130473,1.3776522391558459e-05,6,COMPLETE
123,inf,2025-10-16 22:20:13.354407,2025-10-16 22:20:13.357183,0 days 00:00:00.002776,0.39933224527857036,8,128,32,0.0754908445196416,1.858160381610737e-05,7,COMPLETE
124,inf,2025-10-16 22:20:13.357586,2025-10-16 22:20:13.360369,0 days 00:00:00.002783,0.3535352678441926,8,128,32,0.33389505784269374,3.825182433779664e-05,6,COMPLETE
125,inf,2025-10-16 22:20:13.360618,2025-10-16 22:20:13.363272,0 days 00:00:00.002654,0.3323005935780487,16,64,128,0.44991347142024246,1.1560134847522166e-05,5,COMPLETE
126,inf,2025-10-16 22:20:13.363510,2025-10-16 22:20:13.366244,0 days 00:00:00.002734,0.2362885329028516,2,256,32,0.2438087707211858,6.530387284110923e-05,4,COMPLETE
127,inf,2025-10-16 22:20:13.366536,2025-10-16 22:20:13.369355,0 days 00:00:00.002819,0.36506688398938836,8,512,16,0.3723831508915373,1.504763590289908e-05,2,COMPLETE
128,inf,2025-10-16 22:20:13.369597,2025-10-16 22:20:13.372363,0 days 00:00:00.002766,0.3169509667240805,16,128,32,0.2790783565136433,0.0016541506319153504,6,COMPLETE
129,inf,2025-10-16 22:20:13.372624,2025-10-16 22:20:13.375616,0 days 00:00:00.002992,0.027294159937050665,8,64,64,0.14679717100610834,0.00019825589679758193,2,COMPLETE
130,inf,2025-10-16 22:20:13.375885,2025-10-16 22:20:13.378728,0 days 00:00:00.002843,0.06888925356436591,16,512,128,0.459303747980319,0.000849089082043817,6,COMPLETE
131,inf,2025-10-16 22:20:13.378976,2025-10-16 22:20:13.381732,0 days 00:00:00.002756,0.13025677119401435,8,256,16,0.013207897143040524,4.667088275034496e-05,7,COMPLETE
132,inf,2025-10-16 22:20:13.381966,2025-10-16 22:20:13.384998,0 days 00:00:00.003032,0.14345306168463692,8,256,16,0.4818985376629319,2.8881056624459645e-05,8,COMPLETE
133,inf,2025-10-16 22:20:13.385245,2025-10-16 22:20:13.387975,0 days 00:00:00.002730,0.1995533243696244,8,256,16,0.0006693221012741644,3.792905186477596e-05,7,COMPLETE
134,inf,2025-10-16 22:20:13.388214,2025-10-16 22:20:13.391024,0 days 00:00:00.002810,0.15937567756205998,8,256,16,0.04264665645916187,5.527712597775148e-05,8,COMPLETE
135,inf,2025-10-16 22:20:13.391267,2025-10-16 22:20:13.394243,0 days 00:00:00.002976,0.1051034738447913,4,64,16,0.10105747886103732,0.0020219517592092273,8,COMPLETE
136,inf,2025-10-16 22:20:13.394520,2025-10-16 22:20:13.397336,0 days 00:00:00.002816,0.16879025027775624,2,128,32,0.15811622624213997,0.00012730200520259124,6,COMPLETE
137,inf,2025-10-16 22:20:13.397676,2025-10-16 22:20:13.400672,0 days 00:00:00.002996,0.0031359866868451705,16,512,64,0.027441270290752613,0.0006719311717125259,7,COMPLETE
138,inf,2025-10-16 22:20:13.400971,2025-10-16 22:20:13.403755,0 days 00:00:00.002784,0.22475419645272224,8,64,32,0.015140708611637067,0.006492264372726402,5,COMPLETE
139,inf,2025-10-16 22:20:13.403996,2025-10-16 22:20:13.406766,0 days 00:00:00.002770,0.2571686356910452,16,128,16,0.18574554511315744,1.928850317356756e-05,6,COMPLETE
140,inf,2025-10-16 22:20:13.407006,2025-10-16 22:20:13.409996,0 days 00:00:00.002990,0.4190173602401564,8,256,128,0.06806285464519504,0.002553349008165975,3,COMPLETE
141,inf,2025-10-16 22:20:13.410241,2025-10-16 22:20:13.413010,0 days 00:00:00.002769,0.4746037215007669,2,64,16,0.22522606209164797,2.897479212595338e-05,5,COMPLETE
142,inf,2025-10-16 22:20:13.413245,2025-10-16 22:20:13.416133,0 days 00:00:00.002888,0.49482194928681267,2,64,16,0.39482855097844394,2.6033249917361497e-05,4,COMPLETE
143,inf,2025-10-16 22:20:13.416423,2025-10-16 22:20:13.419406,0 days 00:00:00.002983,0.11781546018427821,2,64,16,0.1717007598988629,4.7662374226163904e-05,4,COMPLETE
144,inf,2025-10-16 22:20:13.419672,2025-10-16 22:20:13.422530,0 days 00:00:00.002858,0.4854223038818024,2,64,16,0.25183140505060286,3.5474097637023554e-05,6,COMPLETE
145,inf,2025-10-16 22:20:13.422786,2025-10-16 22:20:13.425912,0 days 00:00:00.003126,0.14856280522059373,2,512,16,0.2007282380167966,7.853961881404432e-05,2,COMPLETE
146,inf,2025-10-16 22:20:13.426162,2025-10-16 22:20:13.429125,0 days 00:00:00.002963,0.4615040744172775,16,64,32,0.08919743955513415,1.2850715688863918e-05,6,COMPLETE
147,inf,2025-10-16 22:20:13.429380,2025-10-16 22:20:13.432219,0 days 00:00:00.002839,0.2458806757200717,8,128,64,0.3571797032236029,2.2070056792682072e-05,8,COMPLETE
148,inf,2025-10-16 22:20:13.432460,2025-10-16 22:20:13.435522,0 days 00:00:00.003062,0.43403210369219886,4,512,16,0.3066738662564807,6.776908568506204e-05,3,COMPLETE
149,inf,2025-10-16 22:20:13.435781,2025-10-16 22:20:13.438591,0 days 00:00:00.002810,0.176628424027243,8,64,128,0.12696589974167183,4.3182408243553926e-05,5,COMPLETE
150,inf,2025-10-16 22:20:13.438828,2025-10-16 22:20:13.441924,0 days 00:00:00.003096,0.44190011904089627,16,128,32,0.21264453173045894,0.0011898481556576526,6,COMPLETE
151,inf,2025-10-16 22:20:13.442197,2025-10-16 22:20:13.445076,0 days 00:00:00.002879,0.33852128862602104,4,128,32,0.15672410947204865,0.00010083878462679066,8,COMPLETE
152,inf,2025-10-16 22:20:13.445314,2025-10-16 22:20:13.448279,0 days 00:00:00.002965,0.2098995583201784,4,128,32,0.2930252639562475,0.00011427306973801673,7,COMPLETE
153,inf,2025-10-16 22:20:13.448550,2025-10-16 22:20:13.451547,0 days 00:00:00.002997,0.053190118187443305,4,128,32,0.18089324021574948,0.00015242714203143607,7,COMPLETE
154,inf,2025-10-16 22:20:13.451801,2025-10-16 22:20:13.454709,0 days 00:00:00.002908,0.26619141911527544,4,128,32,0.16966234258808582,5.6511524865843274e-05,6,COMPLETE
155,inf,2025-10-16 22:20:13.454947,2025-10-16 22:20:13.458268,0 days 00:00:00.003321,0.3537334107681578,8,512,32,0.26926502618368275,0.00039316059751306993,8,COMPLETE
156,inf,2025-10-16 22:20:13.458588,2025-10-16 22:20:13.461611,0 days 00:00:00.003023,0.3024068429714506,16,64,16,0.23896310372584711,1.5237683022106005e-05,5,COMPLETE
157,inf,2025-10-16 22:20:13.461858,2025-10-16 22:20:13.464745,0 days 00:00:00.002887,0.3906908475354751,4,256,64,0.0010665676312860695,8.565002952371998e-05,2,COMPLETE
158,inf,2025-10-16 22:20:13.464986,2025-10-16 22:20:13.468069,0 days 00:00:00.003083,0.13227174940289702,8,128,128,0.11419630799694251,9.433627035005473e-05,3,COMPLETE
159,inf,2025-10-16 22:20:13.468324,2025-10-16 22:20:13.471189,0 days 00:00:00.002865,0.29200379161905893,2,512,32,0.4304538139693963,1.1155629721497275e-05,4,COMPLETE
160,inf,2025-10-16 22:20:13.471426,2025-10-16 22:20:13.474501,0 days 00:00:00.003075,0.363637927333445,16,64,16,0.19548055291991473,1.0319626790973748e-05,6,COMPLETE
161,inf,2025-10-16 22:20:13.474842,2025-10-16 22:20:13.477870,0 days 00:00:00.003028,0.46469449385257344,8,64,64,0.07695431356261337,1.3295168090848173e-05,5,COMPLETE
162,inf,2025-10-16 22:20:13.478110,2025-10-16 22:20:13.485713,0 days 00:00:00.007603,0.37460128748888566,8,64,64,0.10131631376800923,0.00025221769321823634,5,COMPLETE
163,inf,2025-10-16 22:20:13.486834,2025-10-16 22:20:13.494782,0 days 00:00:00.007948,0.48145870650623407,8,64,64,0.054882750804813585,0.0001933343225255658,5,COMPLETE
164,inf,2025-10-16 22:20:13.495146,2025-10-16 22:20:13.501324,0 days 00:00:00.006178,0.45397706331611726,8,64,64,0.13735585805751918,1.632328495569211e-05,4,COMPLETE
165,inf,2025-10-16 22:20:13.501679,2025-10-16 22:20:13.504733,0 days 00:00:00.003054,0.4045686175825532,8,128,32,0.09052922085808793,0.0001378492469130064,6,COMPLETE
166,inf,2025-10-16 22:20:13.504990,2025-10-16 22:20:13.508103,0 days 00:00:00.003113,0.42030376098140054,16,512,64,0.04226348170852863,1.0074262261913789e-05,7,COMPLETE
167,inf,2025-10-16 22:20:13.508528,2025-10-16 22:20:13.511666,0 days 00:00:00.003138,0.3859196802452265,8,256,16,0.12244966560719603,1.2489804705612556e-05,5,COMPLETE
168,inf,2025-10-16 22:20:13.511923,2025-10-16 22:20:13.514963,0 days 00:00:00.003040,0.2728709407410866,8,64,128,0.2200863841863116,0.0015011562822043693,2,COMPLETE
169,inf,2025-10-16 22:20:13.515219,2025-10-16 22:20:13.518632,0 days 00:00:00.003413,0.2532945901728713,16,128,32,0.41227384914576165,0.00030007902876179413,8,COMPLETE
170,inf,2025-10-16 22:20:13.518941,2025-10-16 22:20:13.522081,0 days 00:00:00.003140,0.0914255652879647,4,64,16,0.321108963289921,2.3647578851175647e-05,6,COMPLETE
171,inf,2025-10-16 22:20:13.522359,2025-10-16 22:20:13.525625,0 days 00:00:00.003266,0.23627038456194194,8,128,128,0.2271497293719311,0.0005921848861024753,7,COMPLETE
172,inf,2025-10-16 22:20:13.525918,2025-10-16 22:20:13.529051,0 days 00:00:00.003133,0.33086382281008136,8,128,128,0.20618128636666214,0.0009974441934788216,7,COMPLETE
173,inf,2025-10-16 22:20:13.529300,2025-10-16 22:20:13.532337,0 days 00:00:00.003037,0.3153211123709673,8,128,128,0.23887218066006247,0.0003366800003214112,7,COMPLETE
174,inf,2025-10-16 22:20:13.532585,2025-10-16 22:20:13.535799,0 days 00:00:00.003214,0.29184978466789885,8,128,128,0.24899071448878474,0.0004933067439986232,7,COMPLETE
175,inf,2025-10-16 22:20:13.536056,2025-10-16 22:20:13.539046,0 days 00:00:00.002990,0.3435034739394858,2,512,16,0.15113825011993273,0.00023338599845562568,7,COMPLETE
176,inf,2025-10-16 22:20:13.539334,2025-10-16 22:20:13.542785,0 days 00:00:00.003451,0.21768600706904565,8,256,32,0.23321918885760498,1.7481242857678938e-05,6,COMPLETE
177,inf,2025-10-16 22:20:13.543053,2025-10-16 22:20:13.546062,0 days 00:00:00.003009,0.02086115389703769,16,128,64,0.16684457899739946,0.00044593663790235325,3,COMPLETE
178,inf,2025-10-16 22:20:13.546301,2025-10-16 22:20:13.549437,0 days 00:00:00.003136,0.1255282623804015,8,64,128,0.18789029177194722,0.0007890065041985347,6,COMPLETE
179,inf,2025-10-16 22:20:13.549710,2025-10-16 22:20:13.552921,0 days 00:00:00.003211,0.10851488719595187,8,512,16,0.08299988542458371,0.0003662207812088637,5,COMPLETE
180,inf,2025-10-16 22:20:13.553183,2025-10-16 22:20:13.556305,0 days 00:00:00.003122,0.043581053453781854,16,128,32,0.2610259223798793,1.4297711776575241e-05,8,COMPLETE
181,inf,2025-10-16 22:20:13.556538,2025-10-16 22:20:13.559771,0 days 00:00:00.003233,0.15909780344890748,8,256,32,0.2782393852853675,0.007043425050233218,6,COMPLETE
182,inf,2025-10-16 22:20:13.560042,2025-10-16 22:20:13.563149,0 days 00:00:00.003107,0.1673856748754285,8,256,32,0.33148841999207573,0.008715508538560613,6,COMPLETE
183,inf,2025-10-16 22:20:13.563399,2025-10-16 22:20:13.566684,0 days 00:00:00.003285,0.140285113860195,8,256,32,0.02296420782949557,0.00502710786572448,6,COMPLETE
184,inf,2025-10-16 22:20:13.566948,2025-10-16 22:20:13.570079,0 days 00:00:00.003131,0.17877932027483753,8,256,32,0.2917360299706482,0.005761718416252104,6,COMPLETE
185,inf,2025-10-16 22:20:13.570318,2025-10-16 22:20:13.573350,0 days 00:00:00.003032,0.19226252462023663,2,64,32,0.008101022728633342,0.0012829977953460819,6,COMPLETE
186,inf,2025-10-16 22:20:13.573589,2025-10-16 22:20:13.577048,0 days 00:00:00.003459,0.4984647355632321,8,512,16,0.21522928608920544,0.001767623896390163,2,COMPLETE
187,inf,2025-10-16 22:20:13.577339,2025-10-16 22:20:13.580453,0 days 00:00:00.003114,0.1490017480548926,4,256,64,0.2553673082708045,7.345277032821017e-05,4,COMPLETE
188,inf,2025-10-16 22:20:13.580727,2025-10-16 22:20:13.584033,0 days 00:00:00.003306,0.22921870261095478,16,64,128,0.06494819030393834,0.009913326467519742,7,COMPLETE
189,inf,2025-10-16 22:20:13.584376,2025-10-16 22:20:13.587524,0 days 00:00:00.003148,0.37089826886297744,8,128,32,0.10915260151909238,0.0036716209744037925,5,COMPLETE
190,inf,2025-10-16 22:20:13.587769,2025-10-16 22:20:13.590926,0 days 00:00:00.003157,0.3597598413492819,16,512,16,0.24399413413161775,0.007744542341894469,8,COMPLETE
191,inf,2025-10-16 22:20:13.591166,2025-10-16 22:20:13.594379,0 days 00:00:00.003213,0.06785550799063947,4,64,16,0.0582303063013576,2.905387092745355e-05,4,COMPLETE
192,inf,2025-10-16 22:20:13.594620,2025-10-16 22:20:13.597854,0 days 00:00:00.003234,0.08933138988767396,4,64,16,0.03405469951767538,3.367613069733116e-05,4,COMPLETE
193,inf,2025-10-16 22:20:13.598099,2025-10-16 22:20:13.601471,0 days 00:00:00.003372,0.1370040030485465,4,64,16,0.09970176540741979,5.089077362728555e-05,4,COMPLETE
194,inf,2025-10-16 22:20:13.601746,2025-10-16 22:20:13.604928,0 days 00:00:00.003182,0.06156505134988317,4,64,16,0.07713785579057893,3.995841231587495e-05,4,COMPLETE
195,inf,2025-10-16 22:20:13.605170,2025-10-16 22:20:13.608741,0 days 00:00:00.003571,0.3488439169534312,8,64,16,0.3756939933669246,1.145414333046967e-05,6,COMPLETE
196,inf,2025-10-16 22:20:13.609078,2025-10-16 22:20:13.612302,0 days 00:00:00.003224,0.42722637890770987,2,128,32,0.4521239383282129,0.00304524247161315,3,COMPLETE
197,inf,2025-10-16 22:20:13.612544,2025-10-16 22:20:13.615676,0 days 00:00:00.003132,0.23872797042418317,4,64,64,0.38982323688441045,0.0023847467224901078,4,COMPLETE
198,inf,2025-10-16 22:20:13.615918,2025-10-16 22:20:13.619309,0 days 00:00:00.003391,0.07648094592208393,8,256,128,0.09421077015559486,5.9266775423584e-05,2,COMPLETE
199,inf,2025-10-16 22:20:13.619547,2025-10-16 22:20:13.622697,0 days 00:00:00.003150,0.2810691169544802,16,512,16,0.3161924832534193,2.036439841281435e-05,6,COMPLETE
200,inf,2025-10-16 22:20:13.622935,2025-10-16 22:20:13.626337,0 days 00:00:00.003402,0.4773245617994283,8,128,32,0.3404406481843657,0.0002989166885172491,5,COMPLETE
201,inf,2025-10-16 22:20:13.626587,2025-10-16 22:20:13.629765,0 days 00:00:00.003178,0.30252577310591744,2,128,16,0.35629924654731215,0.00012041247993615753,5,COMPLETE
202,inf,2025-10-16 22:20:13.630002,2025-10-16 22:20:13.633520,0 days 00:00:00.003518,0.2616209858263135,2,128,16,0.3032507803410486,0.00010224080687117476,5,COMPLETE
203,inf,2025-10-16 22:20:13.633798,2025-10-16 22:20:13.637055,0 days 00:00:00.003257,0.3307314796521959,2,128,16,0.35957240528337475,0.00014202227541559534,5,COMPLETE
204,inf,2025-10-16 22:20:13.637298,2025-10-16 22:20:13.640653,0 days 00:00:00.003355,0.3096292375381344,2,128,16,0.3429682043872018,8.221788486437904e-05,5,COMPLETE
205,inf,2025-10-16 22:20:13.640921,2025-10-16 22:20:13.644428,0 days 00:00:00.003507,0.32441315191021447,16,64,16,0.40438848856848053,0.00021912890458458917,6,COMPLETE
206,inf,2025-10-16 22:20:13.644686,2025-10-16 22:20:13.647939,0 days 00:00:00.003253,0.24786392550555886,2,128,64,0.08392325020183306,0.004166557509168849,2,COMPLETE
207,inf,2025-10-16 22:20:13.648191,2025-10-16 22:20:13.651932,0 days 00:00:00.003741,0.28584875977115287,8,512,32,0.3672476707954517,0.0001650054007538223,6,COMPLETE
208,inf,2025-10-16 22:20:13.652220,2025-10-16 22:20:13.655720,0 days 00:00:00.003500,0.15567622469471631,4,64,128,0.22574059002745137,2.7260535145475994e-05,4,COMPLETE
209,inf,2025-10-16 22:20:13.655985,2025-10-16 22:20:13.659681,0 days 00:00:00.003696,0.27339720307045645,8,256,16,0.12952448697735772,0.0006586620393374367,7,COMPLETE
210,inf,2025-10-16 22:20:13.659995,2025-10-16 22:20:13.663241,0 days 00:00:00.003246,0.037080780378560545,16,128,32,0.3841158624419425,1.0011609743958095e-05,3,COMPLETE
211,inf,2025-10-16 22:20:13.663479,2025-10-16 22:20:13.667037,0 days 00:00:00.003558,0.21065649646015866,16,64,16,0.2858772351205903,0.0014472400085817903,2,COMPLETE
212,inf,2025-10-16 22:20:13.667358,2025-10-16 22:20:13.670705,0 days 00:00:00.003347,0.23158258214413815,16,64,16,0.30075967277830223,0.001138304075974766,2,COMPLETE
213,inf,2025-10-16 22:20:13.670960,2025-10-16 22:20:13.674359,0 days 00:00:00.003399,0.46389828135643574,16,64,16,0.2738295821951161,0.0010578110238798984,2,COMPLETE
214,inf,2025-10-16 22:20:13.674613,2025-10-16 22:20:13.678132,0 days 00:00:00.003519,0.22358717037649106,16,64,16,0.4886370291500974,0.0008914072526121846,2,COMPLETE
215,inf,2025-10-16 22:20:13.678471,2025-10-16 22:20:13.681800,0 days 00:00:00.003329,0.006957549530682526,8,64,64,0.32949991822556995,0.0019463535622668978,8,COMPLETE
216,inf,2025-10-16 22:20:13.682054,2025-10-16 22:20:13.685550,0 days 00:00:00.003496,0.20051537530875557,16,512,16,0.2348350225448457,3.295188661431798e-05,5,COMPLETE
217,inf,2025-10-16 22:20:13.685812,2025-10-16 22:20:13.689211,0 days 00:00:00.003399,0.4032318495280263,8,128,32,0.26549738030190073,0.0001819932540848133,6,COMPLETE
218,inf,2025-10-16 22:20:13.689455,2025-10-16 22:20:13.693010,0 days 00:00:00.003555,0.17060847255466452,2,64,128,0.14448061850849342,0.00026607025826882997,2,COMPLETE
219,inf,2025-10-16 22:20:13.693286,2025-10-16 22:20:13.696678,0 days 00:00:00.003392,0.10112234968483115,4,256,16,0.31055971074760624,0.00011391135080557872,4,COMPLETE
220,inf,2025-10-16 22:20:13.696920,2025-10-16 22:20:13.700475,0 days 00:00:00.003555,0.18658190691507204,8,128,32,0.011129104510155686,1.171694769967086e-05,7,COMPLETE
221,inf,2025-10-16 22:20:13.700728,2025-10-16 22:20:13.704092,0 days 00:00:00.003364,0.29878054364850004,16,64,16,0.2501809845552711,0.0015618396129175806,7,COMPLETE
222,inf,2025-10-16 22:20:13.704330,2025-10-16 22:20:13.707668,0 days 00:00:00.003338,0.24735183892880527,16,64,16,0.28860361415316776,0.0013181131366659302,7,COMPLETE
223,inf,2025-10-16 22:20:13.707906,2025-10-16 22:20:13.711804,0 days 00:00:00.003898,0.11273044326002679,16,64,16,0.0720996974504686,0.0029705619975679922,7,COMPLETE
224,inf,2025-10-16 22:20:13.712078,2025-10-16 22:20:13.715567,0 days 00:00:00.003489,0.2661495605606192,16,64,16,0.2968672149557128,0.0018116367858303892,6,COMPLETE
225,inf,2025-10-16 22:20:13.715817,2025-10-16 22:20:13.719413,0 days 00:00:00.003596,0.21840657094834304,16,512,64,0.2775820422889852,0.00222234913272941,7,COMPLETE
226,inf,2025-10-16 22:20:13.719674,2025-10-16 22:20:13.723027,0 days 00:00:00.003353,0.28900394846889843,8,64,16,0.17708822939649543,6.772404287548402e-05,5,COMPLETE
227,inf,2025-10-16 22:20:13.723273,2025-10-16 22:20:13.726885,0 days 00:00:00.003612,0.3090979506959815,16,64,32,0.15552793315796834,0.006481632618475281,7,COMPLETE
228,inf,2025-10-16 22:20:13.727138,2025-10-16 22:20:13.730486,0 days 00:00:00.003348,0.02689592473373337,8,128,128,0.11143090796254193,1.3602861333292262e-05,8,COMPLETE
229,inf,2025-10-16 22:20:13.730735,2025-10-16 22:20:13.734448,0 days 00:00:00.003713,0.1497652759772578,4,256,16,0.021098992843226187,9.643952219669579e-05,2,COMPLETE
230,inf,2025-10-16 22:20:13.734714,2025-10-16 22:20:13.738126,0 days 00:00:00.003412,0.31782247989087686,2,512,32,0.20882246192367354,4.253211923151068e-05,3,COMPLETE
231,inf,2025-10-16 22:20:13.738375,2025-10-16 22:20:13.742076,0 days 00:00:00.003701,0.08485384557040265,8,64,16,0.41416118801892554,0.0009170459696987025,3,COMPLETE
232,inf,2025-10-16 22:20:13.742340,2025-10-16 22:20:13.745772,0 days 00:00:00.003432,0.12475432296193756,8,64,16,0.4697963551635342,0.0012221244491185004,3,COMPLETE
233,inf,2025-10-16 22:20:13.746009,2025-10-16 22:20:13.749608,0 days 00:00:00.003599,0.09525096280275593,8,64,16,0.4422049645435017,0.0005288846367688648,6,COMPLETE
234,inf,2025-10-16 22:20:13.749924,2025-10-16 22:20:13.753446,0 days 00:00:00.003522,0.1125056689630111,8,64,16,0.43559434492732874,0.0009867493738552106,3,COMPLETE
235,inf,2025-10-16 22:20:13.753691,2025-10-16 22:20:13.757159,0 days 00:00:00.003468,0.13704316122583327,8,64,16,0.461538548078529,1.2026229324071002e-05,3,COMPLETE
236,inf,2025-10-16 22:20:13.757401,2025-10-16 22:20:13.760986,0 days 00:00:00.003585,0.45195072330562847,16,128,64,0.09120315007127298,2.382275329942165e-05,5,COMPLETE
237,inf,2025-10-16 22:20:13.761227,2025-10-16 22:20:13.764642,0 days 00:00:00.003415,0.1608209335455849,8,64,32,0.2692113988493261,0.000692518731722585,3,COMPLETE
238,inf,2025-10-16 22:20:13.764891,2025-10-16 22:20:13.768608,0 days 00:00:00.003717,0.23331951895848882,8,128,128,0.4237134522282073,0.000406197229685646,6,COMPLETE
239,inf,2025-10-16 22:20:13.768866,2025-10-16 22:20:13.772475,0 days 00:00:00.003609,0.2765855168718481,4,512,16,0.4800107216666422,0.0007520800378970586,5,COMPLETE
240,inf,2025-10-16 22:20:13.772720,2025-10-16 22:20:13.776568,0 days 00:00:00.003848,0.254516978007834,2,256,16,0.16255213071125055,0.00013111297680660307,6,COMPLETE
241,inf,2025-10-16 22:20:13.776897,2025-10-16 22:20:13.780552,0 days 00:00:00.003655,0.19985918003963937,8,64,16,0.20080414291143325,0.000593940329011094,6,COMPLETE
242,inf,2025-10-16 22:20:13.780845,2025-10-16 22:20:13.784628,0 days 00:00:00.003783,0.20850999869535475,8,64,16,0.2187770360065685,0.0008376684882012269,6,COMPLETE
243,inf,2025-10-16 22:20:13.784879,2025-10-16 22:20:13.788377,0 days 00:00:00.003498,0.17376743029401764,8,64,16,0.23213386854465357,0.0007037572821619775,4,COMPLETE
244,inf,2025-10-16 22:20:13.788616,2025-10-16 22:20:13.792405,0 days 00:00:00.003789,0.4407098981146523,8,64,16,0.39585411486483024,0.0005253549272074045,6,COMPLETE
245,inf,2025-10-16 22:20:13.792666,2025-10-16 22:20:13.796266,0 days 00:00:00.003600,0.19110912589287354,16,64,32,0.18881406401774095,0.0006300793053902631,7,COMPLETE
246,inf,2025-10-16 22:20:13.796510,2025-10-16 22:20:13.800031,0 days 00:00:00.003521,0.36886820985506835,8,128,64,0.09942211254474753,0.00046834815482211275,6,COMPLETE
247,inf,2025-10-16 22:20:13.800277,2025-10-16 22:20:13.804141,0 days 00:00:00.003864,0.3399394287333335,8,64,16,0.21360699765239397,0.0043881680789946325,2,COMPLETE
248,inf,2025-10-16 22:20:13.804420,2025-10-16 22:20:13.807978,0 days 00:00:00.003558,0.1801715459266825,16,512,128,0.047542418985327684,0.008205048310071085,8,COMPLETE
249,inf,2025-10-16 22:20:13.808316,2025-10-16 22:20:13.812018,0 days 00:00:00.003702,0.3799931821431195,8,128,32,0.17979139788683857,1.593544572954127e-05,6,COMPLETE
250,inf,2025-10-16 22:20:13.812273,2025-10-16 22:20:13.815770,0 days 00:00:00.003497,0.21530437137872988,4,64,16,0.49581889766663645,8.751623420302762e-05,6,COMPLETE
251,inf,2025-10-16 22:20:13.816018,2025-10-16 22:20:13.819983,0 days 00:00:00.003965,0.3561652789098614,2,256,16,0.19705403853293832,0.0010779483551719069,4,COMPLETE
252,inf,2025-10-16 22:20:13.820279,2025-10-16 22:20:13.823965,0 days 00:00:00.003686,0.11875658611124376,16,64,32,0.28313897395959187,3.0228539464462138e-05,3,COMPLETE
253,inf,2025-10-16 22:20:13.824243,2025-10-16 22:20:13.828083,0 days 00:00:00.003840,0.24064708246022695,8,128,64,0.0004363157475671701,3.663653521256915e-05,7,COMPLETE
254,inf,2025-10-16 22:20:13.828344,2025-10-16 22:20:13.832161,0 days 00:00:00.003817,0.48935901340893767,8,512,16,0.31725456150272424,0.005542605863458757,6,COMPLETE
255,inf,2025-10-16 22:20:13.832594,2025-10-16 22:20:13.836346,0 days 00:00:00.003752,0.3956157617861278,16,64,128,0.03212188050614008,0.001364137193342045,8,COMPLETE
256,inf,2025-10-16 22:20:13.836602,2025-10-16 22:20:13.840322,0 days 00:00:00.003720,0.414038213956878,8,128,32,0.16770138870894374,4.979310869589995e-05,5,COMPLETE
257,inf,2025-10-16 22:20:13.840579,2025-10-16 22:20:13.844576,0 days 00:00:00.003997,0.22733039634927604,4,64,16,0.2560690576232698,0.0007867491773905755,2,COMPLETE
258,inf,2025-10-16 22:20:13.844855,2025-10-16 22:20:13.848519,0 days 00:00:00.003664,0.05537877086601721,2,256,16,0.34844866956191706,0.0001090936595825607,7,COMPLETE
259,inf,2025-10-16 22:20:13.848771,2025-10-16 22:20:13.852774,0 days 00:00:00.004003,0.13196484392583602,16,512,32,0.22527220148539673,1.0766975136778403e-05,5,COMPLETE
260,inf,2025-10-16 22:20:13.853050,2025-10-16 22:20:13.857128,0 days 00:00:00.004078,0.15814189447365037,8,64,64,0.2442373134673396,0.00023101496246521498,4,COMPLETE
261,inf,2025-10-16 22:20:13.857460,2025-10-16 22:20:13.861658,0 days 00:00:00.004198,0.10399982383343988,8,128,16,0.081361994130199,6.0834094797999265e-05,2,COMPLETE
262,inf,2025-10-16 22:20:13.861949,2025-10-16 22:20:13.865652,0 days 00:00:00.003703,0.2069551731796983,16,64,128,0.291406287300373,0.0001514564467622518,6,COMPLETE
263,inf,2025-10-16 22:20:13.865907,2025-10-16 22:20:13.869711,0 days 00:00:00.003804,0.14519662023821667,8,128,32,0.08960424724673072,1.4053337008218863e-05,3,COMPLETE
264,inf,2025-10-16 22:20:13.869967,2025-10-16 22:20:13.873860,0 days 00:00:00.003893,0.22099875489122003,4,256,16,0.07216736687948215,0.0015973503721126332,6,COMPLETE
265,inf,2025-10-16 22:20:13.874118,2025-10-16 22:20:13.878149,0 days 00:00:00.004031,0.469417093500499,2,64,16,0.45379164673744726,0.0011739528484474176,6,COMPLETE
266,inf,2025-10-16 22:20:13.878440,2025-10-16 22:20:13.882183,0 days 00:00:00.003743,0.1635726111487411,16,512,32,0.3048874220931785,0.0008828297662993311,2,COMPLETE
267,inf,2025-10-16 22:20:13.882507,2025-10-16 22:20:13.886756,0 days 00:00:00.004249,0.29591338928302113,8,128,64,0.11777800573446277,0.003063351058011139,7,COMPLETE
268,inf,2025-10-16 22:20:13.887077,2025-10-16 22:20:13.890825,0 days 00:00:00.003748,0.015041837652357094,8,64,16,0.06216054123314167,0.0003580887255395478,4,COMPLETE
269,inf,2025-10-16 22:20:13.891093,2025-10-16 22:20:13.895208,0 days 00:00:00.004115,0.3519969675645996,16,64,128,0.36799908232769507,1.8240928985412344e-05,5,COMPLETE
270,inf,2025-10-16 22:20:13.895479,2025-10-16 22:20:13.899200,0 days 00:00:00.003721,0.07820803106811122,8,512,32,0.10631063046754075,7.941091049002711e-05,7,COMPLETE
271,inf,2025-10-16 22:20:13.899456,2025-10-16 22:20:13.903609,0 days 00:00:00.004153,0.2392900166903118,4,128,16,0.23941203502509986,0.0002830024959388584,8,COMPLETE
272,inf,2025-10-16 22:20:13.903927,2025-10-16 22:20:13.907809,0 days 00:00:00.003882,0.32080050677639443,2,256,16,0.2076754880384168,1.1843614919092576e-05,6,COMPLETE
273,inf,2025-10-16 22:20:13.908063,2025-10-16 22:20:13.912152,0 days 00:00:00.004089,0.42853685769083205,16,64,32,0.40703795158935097,2.4748239034297002e-05,2,COMPLETE
274,inf,2025-10-16 22:20:13.912438,2025-10-16 22:20:13.916217,0 days 00:00:00.003779,0.19993354407698716,8,128,64,0.18575121626195626,0.00662916979171605,5,COMPLETE
275,inf,2025-10-16 22:20:13.916496,2025-10-16 22:20:13.920498,0 days 00:00:00.004002,0.2599724471359745,8,64,16,0.3289939916856201,0.00012409900671305876,3,COMPLETE
276,inf,2025-10-16 22:20:13.920763,2025-10-16 22:20:13.924686,0 days 00:00:00.003923,0.28276382985773896,16,512,128,0.37914834437467465,0.00020871205237492374,4,COMPLETE
277,inf,2025-10-16 22:20:13.924949,2025-10-16 22:20:13.928744,0 days 00:00:00.003795,0.3636231606490228,8,64,32,0.01541111338476752,0.002106891895823728,6,COMPLETE
278,inf,2025-10-16 22:20:13.928986,2025-10-16 22:20:13.932709,0 days 00:00:00.003723,0.3375737074486066,4,128,16,0.4402654950991131,0.0009832760888751236,3,COMPLETE
279,inf,2025-10-16 22:20:13.932956,2025-10-16 22:20:13.936874,0 days 00:00:00.003918,0.0003682225308547795,2,256,16,0.1356133381634887,9.65518902810197e-05,5,COMPLETE
280,inf,2025-10-16 22:20:13.937122,2025-10-16 22:20:13.940959,0 days 00:00:00.003837,0.309914531447505,8,64,32,0.2203228097365965,1.0271108344580934e-05,8,COMPLETE
281,inf,2025-10-16 22:20:13.941224,2025-10-16 22:20:13.945307,0 days 00:00:00.004083,0.1509189666540293,16,128,64,0.14709848523657348,0.0005971775267165439,6,COMPLETE
282,inf,2025-10-16 22:20:13.945588,2025-10-16 22:20:13.949485,0 days 00:00:00.003897,0.18427649155178502,8,64,16,0.27370593882766087,1.2981200327815734e-05,7,COMPLETE
283,inf,2025-10-16 22:20:13.949753,2025-10-16 22:20:13.954209,0 days 00:00:00.004456,0.3865692604796592,16,512,128,0.1983644559775824,0.00041513168724102196,6,COMPLETE
284,inf,2025-10-16 22:20:13.954462,2025-10-16 22:20:13.959045,0 days 00:00:00.004583,0.12128287295319246,8,64,16,0.171529229592726,4.432203704939468e-05,2,COMPLETE
285,inf,2025-10-16 22:20:13.959320,2025-10-16 22:20:13.963252,0 days 00:00:00.003932,0.2470021906078923,4,128,32,0.422318715016721,0.0003180973722365284,7,COMPLETE
286,inf,2025-10-16 22:20:13.963501,2025-10-16 22:20:13.967449,0 days 00:00:00.003948,0.45374791116165397,2,256,16,0.47185437880823256,0.00018640341354205666,6,COMPLETE
287,inf,2025-10-16 22:20:13.967826,2025-10-16 22:20:13.971852,0 days 00:00:00.004026,0.22867105847066782,8,64,32,0.2947836415860832,3.6741766491653784e-05,5,COMPLETE
288,inf,2025-10-16 22:20:13.972110,2025-10-16 22:20:13.976280,0 days 00:00:00.004170,0.093689448077556,16,512,16,0.48618540484483275,0.0026254378936332126,3,COMPLETE
289,inf,2025-10-16 22:20:13.976538,2025-10-16 22:20:13.980378,0 days 00:00:00.003840,0.16905583991938794,8,128,64,0.04259538261630939,0.001398962440176866,4,COMPLETE
290,inf,2025-10-16 22:20:13.980614,2025-10-16 22:20:13.984757,0 days 00:00:00.004143,0.4830521957128788,16,64,128,0.2612411851154999,7.355987797641845e-05,8,COMPLETE
291,inf,2025-10-16 22:20:13.985013,2025-10-16 22:20:13.988871,0 days 00:00:00.003858,0.21675231562937364,8,64,16,0.00675699331964119,3.1776951172622804e-05,6,COMPLETE
292,inf,2025-10-16 22:20:13.989111,2025-10-16 22:20:13.993149,0 days 00:00:00.004038,0.03634189448990064,4,128,32,0.08257642106742842,0.009731511849484727,7,COMPLETE
293,inf,2025-10-16 22:20:13.993478,2025-10-16 22:20:13.997320,0 days 00:00:00.003842,0.04610212653772028,2,256,16,0.09945053947109173,2.118847831246439e-05,2,COMPLETE
294,inf,2025-10-16 22:20:13.997570,2025-10-16 22:20:14.001712,0 days 00:00:00.004142,0.06956559988013247,8,512,32,0.3096048853569141,1.5040171252580186e-05,5,COMPLETE
295,inf,2025-10-16 22:20:14.001969,2025-10-16 22:20:14.005813,0 days 00:00:00.003844,0.13138663026794745,16,64,16,0.2477054118117779,0.0005229982561694566,3,COMPLETE
296,inf,2025-10-16 22:20:14.006049,2025-10-16 22:20:14.010228,0 days 00:00:00.004179,0.37405393469143233,8,128,64,0.15911704935868123,5.486149163224629e-05,6,COMPLETE
297,inf,2025-10-16 22:20:14.010492,2025-10-16 22:20:14.014406,0 days 00:00:00.003914,0.11144156616258265,8,64,128,0.23386528084699834,0.0002573461701350108,4,COMPLETE
298,inf,2025-10-16 22:20:14.014650,2025-10-16 22:20:14.018781,0 days 00:00:00.004131,0.1927580528016215,16,64,16,0.19277111965227073,0.0007702913624985959,8,COMPLETE
299,inf,2025-10-16 22:20:14.019037,2025-10-16 22:20:14.022926,0 days 00:00:00.003889,0.2687251407814166,4,512,32,0.3600734529129578,6.343119403357258e-05,6,COMPLETE
